Date,Open,High,Low,Close
02-Jan-17,8453.89,8464.18,8385.22,8431.5
03-Jan-17,8440.23,8480.63,8403.71,8456.12
04-Jan-17,8462.85,8478.53,8439.09,8448.29
05-Jan-17,8483.94,8543.13,8483.94,8532
06-Jan-17,8554.1,8569.24,8489.81,8498.77
09-Jan-17,8522.67,8526.96,8486.22,8494.11
10-Jan-17,8522.53,8552.25,8520.65,8546.67
11-Jan-17,8573.3,8646.22,8573.3,8636.81
12-Jan-17,8648.39,8681.77,8646.67,8665.05
13-Jan-17,8701.28,8723.95,8636.06,8662.92
16-Jan-17,8663.56,8694.78,8642.54,8681
17-Jan-17,8695.54,8712.31,8650.31,8666.58
18-Jan-17,8674.76,8730.05,8665.89,8683.69
19-Jan-17,8684.52,8712.34,8673.84,8701.7
20-Jan-17,8680.99,8693.03,8609.39,8616.47
23-Jan-17,8606.09,8671.5,8598.18,8656.73
24-Jan-17,8673.81,8746.01,8666.28,8740.36
25-Jan-17,8765.84,8875.8,8761.63,8866.68
27-Jan-17,8881.7,8940.17,8880.77,8908.75
30-Jan-17,8905.64,8926.52,8884.56,8894.42
31-Jan-17,8900.18,8900.18,8804.99,8813.9
01-Feb-17,8820.77,8978.25,8792.56,8972.76
02-Feb-17,8987.41,9018.41,8949.98,8995.88
03-Feb-17,9009.84,9014.4,8968.89,9001.32
06-Feb-17,9037.08,9083.74,9037.08,9067.85
07-Feb-17,9075.41,9079.11,9009.83,9037.94
08-Feb-17,9054.1,9063.62,8987.12,9038.66
09-Feb-17,9053.94,9091.02,8994.59,9051.32
10-Feb-17,9069.77,9091.23,9040.2,9057.72
13-Feb-17,9091.17,9095.78,9023.83,9075.22
14-Feb-17,9086.94,9087.08,9043.9,9065.57
15-Feb-17,9045.68,9077.72,8982.27,8993.92
16-Feb-17,9012.45,9057.56,8991.18,9051.84
17-Feb-17,9154.2,9172.69,9089.02,9105.2
20-Feb-17,9111.49,9169.46,9092.28,9161.85
21-Feb-17,9178.55,9213.64,9151.13,9201.58
22-Feb-17,9219.88,9254.86,9200.95,9219.59
23-Feb-17,9234.71,9275.95,9214.31,9223.76
27-Feb-17,9227.67,9238.72,9180.31,9187.07
28-Feb-17,9190.28,9207.45,9156.79,9164.27
01-Mar-17,9191.12,9243.47,9186.8,9230.04
02-Mar-17,9269.67,9276.45,9155.21,9172.16
03-Mar-17,9171.64,9181.4,9132.84,9172.76
06-Mar-17,9179.55,9244.95,9179.55,9238.4
07-Mar-17,9253.3,9254.82,9214.41,9228.44
08-Mar-17,9235.14,9239.9,9175.47,9206.73
09-Mar-17,9209.42,9230.94,9184.81,9211.15
10-Mar-17,9234.84,9262.26,9190.05,9217.41
14-Mar-17,9369.69,9409.43,9347.12,9378.76
15-Mar-17,9384.22,9398.22,9360.25,9371.35
16-Mar-17,9404.55,9449.14,9404.31,9442.37
17-Mar-17,9489.45,9511.08,9443.9,9456.19
20-Mar-17,9471.12,9483.07,9417.3,9430.42
21-Mar-17,9436.88,9449.79,9386.25,9420.73
22-Mar-17,9378.08,9378.08,9314.48,9327.48
23-Mar-17,9341.87,9401.64,9341.13,9388.14
24-Mar-17,9395.95,9440.15,9394.55,9408.74
27-Mar-17,9403.03,9409.65,9328.64,9355.2
28-Mar-17,9378.15,9417.41,9378.15,9406.78
29-Mar-17,9426.24,9447.01,9414.52,9440.35
30-Mar-17,9446.48,9490.84,9441.37,9482.16
31-Mar-17,9483.1,9497.1,9459.71,9480.75
03-Apr-17,9516.11,9553.24,9504.42,9548.57
05-Apr-17,9574.06,9586.99,9529.14,9578.57
06-Apr-17,9572.77,9582.33,9537.32,9575.4
07-Apr-17,9553.64,9569.76,9502.48,9514.36
10-Apr-17,9533.96,9554.01,9491.54,9496.96
11-Apr-17,9512.63,9561.45,9495.1,9554.9
12-Apr-17,9572.72,9572.96,9480.96,9521.69
13-Apr-17,9519.27,9525.43,9462.06,9468.2
17-Apr-17,9472.06,9482.76,9440.26,9454.9
18-Apr-17,9475.71,9537.14,9405.41,9417.3
19-Apr-17,9430.79,9434.79,9389.88,9418.25
20-Apr-17,9416.55,9459.34,9413.66,9453.09
21-Apr-17,9498.42,9502.36,9403.57,9432.84
24-Apr-17,9447.56,9535.83,9445.34,9527.42
25-Apr-17,9581.29,9631.7,9565.84,9627.76
26-Apr-17,9654.76,9683.1,9617.5,9669.4
27-Apr-17,9673.03,9688.21,9640.98,9658.05
28-Apr-17,9673.02,9673.48,9602.59,9614.93
02-May-17,9643.79,9670.82,9586.29,9631.16
03-May-17,9650.04,9660.53,9613.99,9627.44
04-May-17,9673.17,9689.7,9649.45,9682.06
05-May-17,9692.73,9700.96,9594.46,9606.07
08-May-17,9632.24,9663.04,9622.07,9635.65
09-May-17,9648.86,9664.25,9630.92,9642.33
10-May-17,9661.69,9748.54,9661.34,9741.68
11-May-17,9766.6,9784.38,9743.5,9754.64
12-May-17,9766.56,9770.43,9703.27,9726.46
15-May-17,9758.18,9776.64,9752.98,9768.73
16-May-17,9788.85,9842.62,9783.08,9839.05
17-May-17,9847.29,9860.52,9815.51,9849.5
18-May-17,9796.7,9815.25,9737.79,9751.28
19-May-17,9781.35,9832.62,9712.64,9748.64
22-May-17,9803.47,9822.25,9753.22,9764.18
23-May-17,9762.76,9776.13,9689.97,9705.22
24-May-17,9730.73,9758.1,9666.4,9686.29
25-May-17,9709.22,9844.89,9705.09,9832.17
26-May-17,9839.02,9936.08,9825.57,9925.81
29-May-17,9902.28,9965.59,9878.56,9931.58
30-May-17,9932.67,9962.47,9911.73,9949.86
31-May-17,9971.21,9982.83,9944.63,9958.14
01-Jun-17,9949.56,9975.95,9929.84,9953.22
02-Jun-17,9974.18,10010.45,9970.83,10001.5
05-Jun-17,10008.88,10042.34,9994.04,10030.7
06-Jun-17,10067.47,10070.42,9984.09,9990.69
07-Jun-17,10009.46,10034.18,9983.21,10014.05
08-Jun-17,10029.39,10041.7,9991.29,9996.75
09-Jun-17,9992.67,10019.74,9959.55,10011.06
12-Jun-17,10003.58,10003.74,9943.18,9958.31
13-Jun-17,9958.12,10001.28,9942.31,9954.33
14-Jun-17,9965.61,9975.86,9930.5,9963.66
15-Jun-17,9982.29,9983.95,9914.13,9932.52
16-Jun-17,9961.88,9969,9922.01,9936.29
19-Jun-17,9971.34,10022.07,9968.86,10004.03
20-Jun-17,10027.37,10030.73,9996.34,10007.39
21-Jun-17,10007.08,10007.08,9965.81,9988.9
22-Jun-17,10011.18,10059.32,9978.71,9989.79
23-Jun-17,10009.28,10012.63,9924.35,9933.69
27-Jun-17,9954.33,9980.19,9838.69,9873.17
28-Jun-17,9880.24,9885.92,9833.43,9848.15
29-Jun-17,9871.97,9933.82,9842.29,9859.83
30-Jun-17,9856.68,9895.7,9807.41,9882.2
03-Jul-17,9953.58,9988.63,9906.84,9980.37
04-Jul-17,10014.18,10022.04,9961.38,9976.28
05-Jul-17,9996.3,10007.02,9973.48,9999.03
06-Jul-17,10016.83,10063.04,10004.7,10033.78
07-Jul-17,10033.74,10048.45,10007.37,10027
10-Jul-17,10074.86,10152.68,10064.67,10137.35
11-Jul-17,10160.76,10191.57,10140.38,10148.84
12-Jul-17,10172.46,10189.81,10153.25,10180.01
13-Jul-17,10211.13,10266.5,10209.25,10254.5
14-Jul-17,10276.08,10281.19,10211.05,10251.52
17-Jul-17,10260.99,10295.86,10260.99,10282.27
18-Jul-17,10202.94,10249.91,10163.89,10184.6
19-Jul-17,10235.21,10271.21,10215.67,10263.81
20-Jul-17,10286.14,10292.2,10231.59,10240.19
21-Jul-17,10277.02,10290.56,10210.89,10283.01
24-Jul-17,10306.48,10361.62,10293.04,10337.98
25-Jul-17,10374.32,10381.28,10324.66,10336.7
26-Jul-17,10353.13,10406.79,10340.74,10398.76
27-Jul-17,10442.79,10500.61,10390.3,10406.15
28-Jul-17,10408.94,10408.94,10327.53,10391.95
31-Jul-17,10417.75,10458.56,10400.54,10449.51
01-Aug-17,10476.28,10498.86,10444.54,10483.3
02-Aug-17,10503.59,10514.94,10427.55,10452.33
03-Aug-17,10461.28,10461.28,10376.17,10393.11
04-Aug-17,10379.39,10464,10370.4,10454.53
07-Aug-17,10473.27,10479.52,10435.13,10447.86
08-Aug-17,10467.92,10471.25,10329.47,10360.01
09-Aug-17,10333.85,10348.76,10261.72,10282.51
10-Aug-17,10269.9,10271.86,10143.5,10187.28
11-Aug-17,10125.66,10146.2,10063.84,10090.55
14-Aug-17,10120.76,10197.9,10120.6,10172.17
16-Aug-17,10213.22,10282.89,10155.25,10272.87
17-Aug-17,10319.91,10325.93,10264.25,10282.26
18-Aug-17,10266.77,10266.77,10161.71,10215.63
21-Aug-17,10245.17,10264.05,10118.4,10131.19
22-Aug-17,10173.43,10207.93,10127.71,10142.12
23-Aug-17,10180.15,10238.73,10165.88,10232.04
24-Aug-17,10262.75,10268.8,10230.37,10238.59
28-Aug-17,10284.02,10314.39,10272.12,10303.64
29-Aug-17,10300.47,10304.82,10171.96,10182.06
30-Aug-17,10227.48,10299.39,10227.08,10275.44
31-Aug-17,10291.36,10312.07,10249.79,10304.43
01-Sep-17,10316.29,10375.87,10302.08,10363.1
04-Sep-17,10375.71,10375.71,10247.75,10295.83
05-Sep-17,10312.53,10356.38,10294.45,10341.27
06-Sep-17,10314.02,10327,10273.51,10305.77
07-Sep-17,10335.41,10363.5,10312.42,10328.99
08-Sep-17,10346.56,10364.94,10310.2,10327.36
11-Sep-17,10362.29,10427.43,10361.53,10404.67
12-Sep-17,10455.96,10492.11,10423.63,10486.58
13-Sep-17,10498.52,10533.86,10456.57,10472.93
14-Sep-17,10518.53,10523.86,10468.43,10484.73
15-Sep-17,10467.48,10514.13,10441.21,10486.23
18-Sep-17,10515.33,10570.55,10515.3,10551.99
19-Sep-17,10585.14,10585.88,10535.06,10551.47
20-Sep-17,10572.58,10579.76,10537.31,10542.2
21-Sep-17,10544.3,10562.01,10460.29,10520.62
22-Sep-17,10507.69,10508.4,10351.8,10361.97
25-Sep-17,10380.5,10388.43,10215.6,10261.82
26-Sep-17,10279.08,10281.97,10204.4,10256.23
27-Sep-17,10310.55,10313.95,10100.65,10119.7
28-Sep-17,10135.05,10170.71,10075.7,10152.73
29-Sep-17,10188.52,10240.33,10158.76,10169.24
03-Oct-17,10246.37,10270.22,10225.83,10251.79
04-Oct-17,10267.92,10335.04,10243.64,10308.96
05-Oct-17,10327.36,10346.85,10275.17,10283.6
06-Oct-17,10301.92,10375.88,10300.96,10366.71
09-Oct-17,10386.83,10412.66,10357.35,10384.76
10-Oct-17,10407.94,10431,10399.97,10408.12
11-Oct-17,10430.61,10463.11,10345.22,10373.21
12-Oct-17,10393.14,10492.65,10365.64,10483.52
13-Oct-17,10502.46,10582.19,10502.46,10559.5
16-Oct-17,10577.09,10634.47,10563.67,10620.48
17-Oct-17,10629.26,10645.13,10604.79,10621
18-Oct-17,10599.34,10628.27,10560.83,10598.29
19-Oct-17,10626.18,10631.86,10510.08,10534.23
23-Oct-17,10540.51,10605.26,10507.78,10563.37
24-Oct-17,10598.64,10621.3,10563.12,10588.8
25-Oct-17,10697.14,10730.46,10628.32,10682.34
26-Oct-17,10680.38,10736.88,10632.77,10723.86
27-Oct-17,10741.82,10749.08,10693.82,10707.69
30-Oct-17,10744.22,10772.06,10732,10749.84
31-Oct-17,10748.77,10760.66,10720.02,10733.59
01-Nov-17,10774.83,10857.05,10773.89,10839.14
02-Nov-17,10852.37,10860.15,10818.69,10830.32
03-Nov-17,10857.08,10877.22,10815.26,10863.87
06-Nov-17,10876.1,10920.15,10841.2,10884.79
07-Nov-17,10900.86,10921.36,10768.05,10779.14
08-Nov-17,10795.46,10815.8,10712.05,10731.88
09-Nov-17,10775.1,10800.45,10696.99,10744.96
10-Nov-17,10738.89,10770.79,10688.48,10750.86
13-Nov-17,10782.39,10788.34,10646.21,10655.4
14-Nov-17,10640.68,10679.79,10604.38,10615.52
15-Nov-17,10618.28,10618.47,10520.64,10544.35
16-Nov-17,10564.91,10664.36,10564.91,10645.33
17-Nov-17,10733.58,10777.76,10695.66,10716.6
20-Nov-17,10727.1,10749.23,10700.63,10730.72
21-Nov-17,10756.6,10806.74,10754.13,10765.23
22-Nov-17,10791.96,10809.19,10750.86,10780.13
23-Nov-17,10783.77,10814.79,10748.04,10788.41
24-Nov-17,10812.95,10842.5,10806.75,10829.27
27-Nov-17,10815.96,10847.7,10783,10841.03
28-Nov-17,10838.43,10862.1,10799.76,10813.28
29-Nov-17,10829.21,10846.06,10790.18,10806.07
30-Nov-17,10787.06,10795.85,10661.2,10674.41
01-Dec-17,10706.17,10722.93,10549.29,10562.77
04-Dec-17,10603.73,10619.32,10542.03,10573.73
05-Dec-17,10556.91,10584.95,10511.29,10559.16
06-Dec-17,10558.75,10560.38,10476.92,10485.88
07-Dec-17,10491.13,10624.33,10486.72,10610.47
08-Dec-17,10638.9,10719.42,10638.9,10707.53
11-Dec-17,10732.84,10792.5,10731.55,10768.81
12-Dec-17,10760.36,10770.69,10681.16,10692.83
13-Dec-17,10696.18,10747.21,10617.2,10638.47
14-Dec-17,10656.96,10722.18,10586.19,10699.03
15-Dec-17,10766.13,10822.42,10766.13,10784.45
18-Dec-17,10759.23,10891.87,10521.32,10832.5
19-Dec-17,10873.37,10919.82,10856.47,10911.08
20-Dec-17,10937.16,10945.3,10886.7,10894.53
21-Dec-17,10907.85,10925.55,10877.67,10890.04
22-Dec-17,10895.95,10947.27,10895.75,10940.76
26-Dec-17,10952.48,10981.7,10930.43,10969.14
27-Dec-17,10990.81,11006.65,10917.39,10937.91
28-Dec-17,10945.84,10976.79,10891.94,10919.11
29-Dec-17,10934.69,10988.67,10934.69,10979.78
01-Jan-18,10983.51,10993.35,10887.11,10902.6
02-Jan-18,10932.14,10950.3,10856.95,10891.2
03-Jan-18,10927.1,10961.44,10884.3,10893.89
04-Jan-18,10930.53,10967.02,10893.76,10958.75
05-Jan-18,10978.28,11031.15,10977.14,11021.69
08-Jan-18,11043.29,11099.22,11043.29,11089.03
09-Jan-18,11110.87,11128.93,11075.67,11105.85
10-Jan-18,11132.13,11142.34,11066.76,11099.28
11-Jan-18,11110.38,11136.4,11087.12,11118.83
12-Jan-18,11141.25,11162.38,11063.11,11146.29
15-Jan-18,11176.57,11257.71,11176.5,11211.49
16-Jan-18,11227.52,11243.74,11163.39,11175.27
17-Jan-18,11175.34,11277.37,11139.29,11265.1
18-Jan-18,11340.73,11372.73,11252.66,11287.45
19-Jan-18,11312.71,11382.72,11271.92,11370.96
22-Jan-18,11399.55,11460.01,11365.93,11451.42
23-Jan-18,11477.89,11575.23,11476.78,11565.5
24-Jan-18,11574.48,11601.73,11534.3,11570.11
25-Jan-18,11583.81,11594.59,11479.58,11539.81
29-Jan-18,11557.24,11657.2,11554.22,11604.76
30-Jan-18,11603.11,11608.78,11517.09,11528.6
31-Jan-18,11509.49,11538.79,11460.97,11506.88
01-Feb-18,11533.76,11594.85,11350.46,11492.93
02-Feb-18,11433.48,11438.44,11203.17,11223.13
05-Feb-18,11116.2,11163.93,11048.93,11131.25
06-Feb-18,10818.93,11044.54,10725.58,10948.3
07-Feb-18,11065.22,11097.38,10895.48,10918.68
08-Feb-18,10954.24,11090.78,10927.9,11026.92
09-Feb-18,10895.4,10933.58,10847.23,10910.74
12-Feb-18,10968.86,11008.4,10939.17,10992.24
14-Feb-18,11038.41,11048.56,10914.96,10955.5
15-Feb-18,10975.31,11078.19,10968.31,11003.66
16-Feb-18,11043.34,11075.14,10889.72,10904.87
19-Feb-18,10918.77,10937.49,10752.39,10824.48
20-Feb-18,10861.31,10888.22,10801.5,10814.84
21-Feb-18,10850.86,10880.61,10810.22,10856.65
22-Feb-18,10844.21,10856.47,10805.01,10839.48
23-Feb-18,10848.71,10954.76,10848.1,10947.46
26-Feb-18,10977.6,11058.75,10977.59,11048.06
27-Feb-18,11083.37,11104.69,11007.74,11017.7
28-Feb-18,10951.23,10999.13,10931.07,10959.52
01-Mar-18,10947.99,10992.04,10909.91,10920.73
05-Mar-18,10914.35,10914.41,10785.71,10816.08
06-Mar-18,10901.72,10904.87,10668.97,10700.26
07-Mar-18,10687.8,10707.23,10600.31,10613.1
08-Mar-18,10675.06,10726.48,10603.45,10697.36
09-Mar-18,10728.87,10752.06,10666.17,10683.77
12-Mar-18,10734.19,10892.08,10734.19,10879.19
13-Mar-18,10849.57,10940.36,10840.66,10883.81
14-Mar-18,10850.37,10892.91,10805.32,10880.17
15-Mar-18,10878.81,10889.64,10813.59,10828.17
16-Mar-18,10829.21,10830.25,10647.63,10664.19
19-Mar-18,10688.8,10690.61,10538.29,10560.97
20-Mar-18,10534.2,10616.06,10513.59,10583.97
21-Mar-18,10618.12,10696.93,10595.42,10620.28
22-Mar-18,10640.38,10671.73,10565.28,10578.02
23-Mar-18,10461.6,10490.21,10413.62,10457.25
26-Mar-18,10441.43,10615.71,10423.48,10598.48
27-Mar-18,10639.12,10699.15,10611.3,10651.19
28-Mar-18,10627.49,10631.61,10575.6,10591.7
02-Apr-18,10616.31,10693.46,10600.98,10683.88
03-Apr-18,10665.39,10727.03,10644.58,10715.5
04-Apr-18,10742.27,10753.36,10583.67,10597.7
05-Apr-18,10681.39,10802.94,10675.99,10791.67
06-Apr-18,10793.71,10825.54,10766.62,10804
09-Apr-18,10818.06,10871.95,10795.9,10852.61
10-Apr-18,10888.08,10904.61,10859.75,10882.03
11-Apr-18,10909.8,10911.07,10836.36,10892.44
12-Apr-18,10905.32,10957.65,10877.65,10938.92
13-Apr-18,10963.91,11007.39,10938.03,10967.65
16-Apr-18,10894.36,11023.2,10880.27,11012.61
17-Apr-18,11036.26,11050.89,10986.84,11039.15
18-Apr-18,11058.38,11095.89,11002.62,11022.71
19-Apr-18,11043.83,11067.62,11039.94,11060.4
20-Apr-18,11058.31,11081.19,11026.02,11062.87
23-Apr-18,11090.41,11142.41,11030.51,11073.66
24-Apr-18,11073.8,11131.42,11061.93,11105.15
25-Apr-18,11098.7,11104.83,11022.21,11054.92
26-Apr-18,11065.78,11125.34,11051.24,11115.93
27-Apr-18,11128.53,11216.97,11127.92,11188.63
30-Apr-18,11207.67,11267.64,11203.22,11244.63
02-May-18,11293.19,11300.14,11190.57,11217.36
03-May-18,11238.36,11238.36,11150.24,11178.49
04-May-18,11191.05,11206.42,11103.04,11120.57
07-May-18,11144.51,11226.23,11137.52,11212.9
08-May-18,11252.5,11260.64,11194.47,11220.25
09-May-18,11207.92,11268.67,11193.7,11241.63
10-May-18,11253.41,11292.07,11204.19,11216.82
11-May-18,11234.93,11330.6,11230.16,11314.19
14-May-18,11320.5,11343.79,11283.76,11309.36
15-May-18,11300.66,11439.89,11288.7,11306.81
16-May-18,11279.16,11299.15,11204.39,11253.89
17-May-18,11283.26,11289.51,11172.63,11190.84
18-May-18,11189.49,11195.22,11082.83,11090.84
21-May-18,11097.01,11126.7,11000.68,11011.38
22-May-18,11004.09,11052.64,10983.16,11030.03
23-May-18,11024.87,11026.19,10905.82,10918.68
24-May-18,10939.78,11028.29,10909.44,11003.08
25-May-18,11032.52,11129.1,11015.88,11102.24
28-May-18,11156.65,11205.67,11134.37,11185.05
29-May-18,11197.34,11212.16,11112.57,11124.5
30-May-18,11100.66,11141.12,11054.96,11107.59
31-May-18,11156.26,11252.29,11116.67,11227.57
01-Jun-18,11245.94,11270.93,11178.99,11193.7
04-Jun-18,11272.69,11286.66,11114.53,11124.42
05-Jun-18,11128.17,11139.46,11047.53,11086.32
06-Jun-18,11096.19,11196.97,11083.48,11182.05
07-Jun-18,11210.18,11320.33,11210.18,11267.18
08-Jun-18,11249.19,11281.14,11210.39,11270.05
11-Jun-18,11276.41,11355.22,11276,11288.62
12-Jun-18,11303.35,11362.06,11292.62,11347.12
13-Jun-18,11388.1,11403.84,11352.74,11365.31
14-Jun-18,11365,11369.32,11287.14,11319.12
15-Jun-18,11335,11342.97,11264.08,11322.9
18-Jun-18,11347.15,11352.21,11295.79,11305.38
19-Jun-18,11304.69,11304.8,11208.28,11219.84
20-Jun-18,11233.35,11291.7,11233.2,11285.59
21-Jun-18,11313.57,11324.75,11237.6,11247.22
22-Jun-18,11246.53,11344.8,11217.63,11329.62
25-Jun-18,11353.1,11358.23,11255.85,11267.95
26-Jun-18,11232.04,11318.56,11227.01,11278.63
27-Jun-18,11293.46,11310.1,11163.04,11181.87
28-Jun-18,11173.47,11190.9,11075.92,11097.91
29-Jun-18,11125.17,11234.81,11118.33,11224.18
02-Jul-18,11259.57,11269.23,11121.14,11172.54
03-Jul-18,11194.34,11236.3,11144.93,11215.21
04-Jul-18,11217.23,11293.97,11191.32,11285.66
05-Jul-18,11300.99,11313.61,11246.22,11263.69
06-Jul-18,11256.83,11335.42,11251.29,11285.61
09-Jul-18,11337.85,11380.61,11326.33,11369.17
10-Jul-18,11413.12,11474.82,11397.22,11464.41
11-Jul-18,11479.84,11499.13,11445.62,11470.32
12-Jul-18,11527.17,11605.49,11527.17,11547.86
13-Jul-18,11576.38,11599.31,11524.89,11537.23
16-Jul-18,11565.38,11565.38,11449.91,11459.42
17-Jul-18,11483.58,11546.12,11447.54,11535.52
18-Jul-18,11595.35,11606.15,11482.06,11500.65
19-Jul-18,11538.47,11540.09,11459.97,11480.44
20-Jul-18,11487.73,11549.8,11468.78,11529.45
23-Jul-18,11538.38,11606.48,11535.4,11597.66
24-Jul-18,11640.19,11667.65,11615.02,11653.12
25-Jul-18,11681.52,11681.52,11630.41,11651.15
26-Jul-18,11668.85,11710.05,11648.39,11687.55
27-Jul-18,11764.3,11809.03,11737.76,11802.36
30-Jul-18,11847.41,11855.42,11793.58,11845.01
31-Jul-18,11857.5,11893.7,11790.7,11882.71
01-Aug-18,11898.32,11915.29,11841.39,11870.19
02-Aug-18,11873.86,11873.86,11761.1,11772.03
03-Aug-18,11825.48,11892.4,11824.27,11883.89
06-Aug-18,11928.69,11959.87,11901.48,11914.71
07-Aug-18,11963.35,11969.76,11889.34,11912.16
08-Aug-18,11942.63,11988.56,11909.58,11975.82
09-Aug-18,12016.6,12031.71,11988.49,12007
10-Aug-18,12017.24,12018.81,11944.21,11959.43
13-Aug-18,11911.43,11940.63,11874.65,11889.62
14-Aug-18,11921.32,11986.47,11906.14,11965.06
16-Aug-18,11952.06,11988,11900.78,11913.95
17-Aug-18,11982.35,12025.31,11971.42,12007.54
20-Aug-18,12046.5,12114.38,12041.15,12097
21-Aug-18,12123.03,12134.68,12084.33,12109.85
23-Aug-18,12150.17,12170.95,12096.39,12132.31
24-Aug-18,12142.87,12154.02,12077.56,12102.92
27-Aug-18,12171.3,12252.2,12156.02,12242.52
28-Aug-18,12282.18,12314.44,12264.4,12292.2
29-Aug-18,12320.28,12320.28,12228.53,12240.59
30-Aug-18,12263.69,12269.79,12193.98,12225.07
31-Aug-18,12233.55,12282.77,12202.08,12230.81
03-Sep-18,12312.9,12317.67,12119.51,12132.77
04-Sep-18,12174.64,12190.37,12040.62,12061.7
05-Sep-18,12072.38,12087.83,11928.44,12012.79
06-Sep-18,12058.38,12096.76,11971.69,12070.66
07-Sep-18,12096.99,12140.41,12020.02,12129.11
10-Sep-18,12119.13,12120.33,11964.78,11975.66
11-Sep-18,12010.4,12019.55,11792.11,11808.04
12-Sep-18,11844.43,11910.28,11775.45,11900.63
14-Sep-18,11969.77,12049.22,11961.67,12040.94
17-Sep-18,12019.78,12019.78,11885.72,11896.72
18-Sep-18,11917.37,11941.66,11784.39,11799.52
19-Sep-18,11848.04,11874.07,11727.76,11749.86
21-Sep-18,11801.8,11868.82,11348.85,11653.94
24-Sep-18,11686.53,11694.22,11446.11,11468.7
25-Sep-18,11479.82,11581.4,11380.77,11565.89
26-Sep-18,11661.29,11662.15,11490.14,11542.99
27-Sep-18,11587.8,11594.02,11446.19,11469.08
28-Sep-18,11511.14,11534.03,11340.2,11418.76
01-Oct-18,11434.2,11541.95,11323.23,11513.21
03-Oct-18,11532.02,11532.02,11337.49,11356.77
04-Oct-18,11304.87,11304.87,11028.32,11084.73
05-Oct-18,11041.24,11041.24,10742.65,10798.92
08-Oct-18,10808.56,10879.14,10672.45,10825.32
09-Oct-18,10878.3,10893.82,10749.89,10770.95
10-Oct-18,10833.01,10957.67,10792.82,10932.12
11-Oct-18,10704.66,10806.41,10602.52,10709.28
12-Oct-18,10803.15,10963.76,10801.36,10940.38
15-Oct-18,11018.07,11026.73,10886.83,10989.67
16-Oct-18,11035.37,11090.65,11006.08,11074.4
17-Oct-18,11189.48,11205.61,10919,10933.7
19-Oct-18,10875.7,10875.7,10728.3,10775.01
22-Oct-18,10885.01,10902.19,10704.35,10718.81
23-Oct-18,10654.76,10698.51,10582.45,10620.12
24-Oct-18,10734.1,10767.19,10604.3,10703.86
25-Oct-18,10626.12,10637.24,10549.07,10593
26-Oct-18,10617.5,10617.6,10471.79,10493.16
29-Oct-18,10557.03,10749.45,10492.3,10725.41
30-Oct-18,10733.91,10766.74,10652.71,10679.66
31-Oct-18,10701.97,10877.26,10587.09,10871.49
01-Nov-18,10936.33,10943.4,10827.98,10864.04
02-Nov-18,10963.02,11095.44,10940.88,11033.9
05-Nov-18,11063.23,11063.74,10964.58,11003.79
06-Nov-18,11040.89,11078.15,10969.69,11002.21
07-Nov-18,11095.42,11098.31,11065.71,11078.82
09-Nov-18,11091.27,11099.59,11018.9,11062.46
12-Nov-18,11097.33,11122.36,10936.67,10953.1
13-Nov-18,10963.56,11069.43,10913.36,11056.81
14-Nov-18,11115.55,11128.23,11010.84,11055.67
15-Nov-18,11055.62,11127.07,11038.67,11091.79
16-Nov-18,11131.1,11179.92,11111.18,11158.48
19-Nov-18,11215.77,11258.82,11173.67,11244.76
20-Nov-18,11236.45,11236.69,11125.47,11140.82
21-Nov-18,11162.87,11163.53,11041.27,11074.55
22-Nov-18,11100.42,11126.09,10991.31,11003.8
26-Nov-18,11052.35,11123.68,10972.4,11112.1
27-Nov-18,11123.8,11178.17,11085.35,11167.34
28-Nov-18,11200.57,11254.63,11193.39,11213.62
29-Nov-18,11300.42,11372.83,11278.56,11350.2
30-Nov-18,11391.39,11421.4,11329.62,11364.07
03-Dec-18,11425.01,11440.46,11348.18,11389.77
04-Dec-18,11403.06,11404.48,11338.44,11369.48
05-Dec-18,11337.38,11340.78,11248.06,11279.1
06-Dec-18,11222.38,11223.84,11076.31,11086.91
07-Dec-18,11143.41,11196.14,11093.49,11180.41
10-Dec-18,11037.84,11046.68,10956.87,10969.21
11-Dec-18,10858.76,11059.06,10817.53,11039.42
12-Dec-18,11075.48,11246.08,11046.69,11232.03
13-Dec-18,11308.06,11340.29,11250.07,11290.31
14-Dec-18,11302.39,11324.45,11255.89,11307.11
17-Dec-18,11354.94,11414.16,11354.94,11402.46
18-Dec-18,11392.28,11430.96,11333.05,11423.46
19-Dec-18,11454.66,11496.19,11442.34,11476.43
20-Dec-18,11427.4,11473.4,11390.79,11459.77
21-Dec-18,11464.65,11474.96,11235.39,11252.38
24-Dec-18,11286.82,11299.84,11148.29,11163
26-Dec-18,11154.58,11240.94,11021.69,11222.37
27-Dec-18,11321.23,11333.83,11264.55,11271.23
28-Dec-18,11305.1,11398.54,11305.1,11363.71
31-Dec-18,11411.84,11432.12,11359.31,11367.43
01-Jan-19,11395.71,11425.11,11310.18,11415.23
02-Jan-19,11390.25,11403.3,11242.81,11290.13
03-Jan-19,11302.53,11324.37,11158.45,11168.3
04-Jan-19,11193.29,11235.32,11124.35,11219.17
07-Jan-19,11310.09,11329.03,11243.68,11257.46
08-Jan-19,11290.46,11314.48,11227.57,11294.31
09-Jan-19,11350.6,11370.87,11246.52,11350.89
10-Jan-19,11364.02,11367.39,11307.93,11321.38
11-Jan-19,11346.37,11353.65,11241.11,11292.14
14-Jan-19,11324.31,11327.42,11189.33,11235.24
15-Jan-19,11264.64,11397.93,11264.64,11387.91
16-Jan-19,11406.31,11435.41,11379.66,11392.41
17-Jan-19,11420.57,11438.23,11347.59,11408.86
18-Jan-19,11423.06,11437.43,11360.53,11408.06
21-Jan-19,11429.7,11496.21,11394.17,11455.68
22-Jan-19,11474.84,11474.99,11366.19,11420.51
23-Jan-19,11436.08,11447.59,11314.04,11333.77
24-Jan-19,11345.29,11375,11302.25,11356.87
25-Jan-19,11376.77,11441.22,11256.76,11278.82
28-Jan-19,11305.35,11309.87,11126.3,11151.22
29-Jan-19,11167.27,11182.09,11074.21,11141.06
30-Jan-19,11204.84,11213.47,11097.82,11130.96
31-Jan-19,11190.1,11331.69,11168.58,11326.58
01-Feb-19,11346.64,11480.22,11307.91,11389.55
04-Feb-19,11389.26,11423.26,11310.17,11410.34
05-Feb-19,11410.36,11454.19,11384.72,11424.13
06-Feb-19,11458.75,11566.51,11449.66,11553.66
07-Feb-19,11571.85,11614.71,11539.51,11563.12
08-Feb-19,11536.14,11539.33,11396.08,11417.46
11-Feb-19,11423.33,11423.79,11328.53,11361.16
12-Feb-19,11363.53,11384.32,11290.27,11300.4
13-Feb-19,11339.51,11367.49,11236.19,11257.15
14-Feb-19,11263.72,11274.91,11188.58,11213.62
15-Feb-19,11242.74,11252.55,11080.73,11181.91
18-Feb-19,11195.35,11218.68,11081.67,11091.3
19-Feb-19,11106.77,11182.8,11036.76,11056
20-Feb-19,11117.76,11203.72,11099.63,11192.39
21-Feb-19,11213.15,11273.03,11184.25,11248.99
22-Feb-19,11255.66,11270.59,11226.66,11254.37
25-Feb-19,11286.09,11361.57,11258.46,11353.57
26-Feb-19,11287.4,11354.24,11194.93,11296.24
27-Feb-19,11343.89,11411.51,11217.33,11268.66
28-Feb-19,11309.32,11326.32,11251.95,11262.85
01-Mar-19,11306.53,11343.68,11288.96,11328.29
05-Mar-19,11346.65,11458.35,11282.77,11454.36
06-Mar-19,11491.15,11525.02,11465.01,11513.94
07-Mar-19,11547.42,11557.88,11490.43,11520.7
08-Mar-19,11526.51,11526.51,11472.05,11498.1
11-Mar-19,11522.84,11648.32,11519.4,11631.82
12-Mar-19,11695.18,11792.41,11690.96,11771.85
13-Mar-19,11794.1,11830.92,11752.4,11817.79
14-Mar-19,11844.85,11861.78,11790.04,11819.96
15-Mar-19,11823.61,11961.14,11823.36,11893.67
18-Mar-19,11926.28,11998.08,11879.33,11923.12
19-Mar-19,11962.31,12007.58,11916.32,11997.13
20-Mar-19,12017.97,12026.17,11974.39,11989.16
22-Mar-19,12012.35,12044.41,11903.66,11925.7
25-Mar-19,11884.67,11884.67,11779.73,11823.13
26-Mar-19,11846.52,11965.47,11819.88,11948.06
27-Mar-19,11988.46,12016.78,11880.42,11917.78
28-Mar-19,11941.8,12058.39,11924.26,12042.79
29-Mar-19,12083.98,12106.93,12049.02,12090.72
01-Apr-19,12147.67,12220.61,12127,12146.48
02-Apr-19,12184.27,12204.88,12135.46,12187.21
03-Apr-19,12220.44,12244.78,12113.91,12128.79
04-Apr-19,12146.55,12148.01,12040.33,12080.43
05-Apr-19,12127.89,12172.35,12092.58,12144.04
08-Apr-19,12174.67,12193.02,12029.46,12081.16
09-Apr-19,12090.35,12165.33,12049.27,12153.37
10-Apr-19,12141.94,12160.41,12048.76,12060.75
11-Apr-19,12072.22,12084.24,12028.38,12073.03
12-Apr-19,12097.75,12138.89,12061.31,12123.86
15-Apr-19,12137.45,12188.46,12132.75,12169.65
16-Apr-19,12211.65,12301.9,12211.65,12277.41
18-Apr-19,12323.11,12342.2,12216.14,12231.99
22-Apr-19,12232.73,12232.87,12057.93,12074.93
23-Apr-19,12111.31,12129.91,12043.25,12057.65
24-Apr-19,12088.96,12223.18,12059.78,12211.83
25-Apr-19,12225.83,12281.58,12112.07,12131
26-Apr-19,12171.42,12242.74,12148,12231.44
30-Apr-19,12230.07,12251.23,12141.78,12230.27
02-May-19,12231.53,12273.81,12184.34,12202
03-May-19,12211.86,12246.42,12173.06,12186.47
06-May-19,12112.72,12112.72,12047.92,12070.2
07-May-19,12134.12,12139.86,11958.29,11969.53
08-May-19,11959.7,11960.87,11810.54,11822.16
09-May-19,11813.22,11824.43,11714.97,11764.03
10-May-19,11787.74,11813.8,11711.7,11739.11
13-May-19,11743.01,11766.24,11579.84,11607.9
14-May-19,11619.74,11754.7,11567,11679.61
15-May-19,11741.34,11751.84,11595.89,11614.7
16-May-19,11632.45,11753.06,11603.03,11715.98
17-May-19,11743.63,11894.07,11719.79,11876.15
20-May-19,12114.85,12327.74,12069.53,12309.84
21-May-19,12345.44,12372.01,12157.24,12183.78
22-May-19,12219.11,12262.43,12159.73,12216.3
23-May-19,12374.36,12531.05,12087.37,12134.84
24-May-19,12216.25,12336.18,12133.8,12323.52
27-May-19,12351.43,12445.08,12294.42,12405.4
28-May-19,12436.58,12450.09,12359.85,12428.98
29-May-19,12425.06,12425.33,12325.32,12348.48
30-May-19,12374.53,12461.88,12351,12441.19
31-May-19,12490.45,12535.01,12319.14,12416.37
03-Jun-19,12445.91,12600.07,12420.48,12588.83
04-Jun-19,12573.38,12603.09,12508.98,12523.62
06-Jun-19,12534.34,12539.65,12329.87,12343.96
07-Jun-19,12358.92,12390.63,12262.54,12363.99
10-Jun-19,12417.17,12475.63,12369.59,12419.98
11-Jun-19,12450.92,12496.37,12402.85,12461.09
12-Jun-19,12470.89,12472.6,12362.76,12400.62
13-Jun-19,12380.01,12424.83,12314.07,12407.33
14-Jun-19,12424.35,12424.65,12287.29,12312.88
17-Jun-19,12330.59,12337.96,12142.03,12157
18-Jun-19,12181.44,12216.81,12130.82,12184.69
19-Jun-19,12226.01,12296.36,12116.97,12189.94
20-Jun-19,12167.05,12349.7,12129.43,12338.89
21-Jun-19,12338.98,12341.01,12204.02,12226.96
24-Jun-19,12219.52,12256.99,12170.84,12199.39
25-Jun-19,12203.73,12315.66,12144.16,12298.76
26-Jun-19,12279.35,12375.73,12262.14,12349.84
27-Jun-19,12362.3,12417.74,12325.03,12348.88
28-Jun-19,12363.01,12375.18,12281.5,12293.47
01-Jul-19,12337.57,12396.26,12336.85,12373.44
02-Jul-19,12409.47,12423.57,12320.53,12417.47
03-Jul-19,12446.86,12454.34,12396.53,12424.7
04-Jul-19,12451.12,12470.41,12430.77,12447.84
05-Jul-19,12474.72,12486.45,12298.21,12312.85
08-Jul-19,12299.65,12299.65,12015.72,12048.63
09-Jul-19,12054.4,12074.48,11950.7,12045.14
10-Jul-19,12039.18,12086.28,11964.43,11982.98
11-Jul-19,12040.57,12088.73,12007.86,12071.55
12-Jul-19,12105.9,12132.62,12030.06,12044.47
15-Jul-19,12122.91,12125.98,12020.88,12079.22
16-Jul-19,12097.86,12167.9,12061.87,12160.13
17-Jul-19,12172.64,12202.74,12145.51,12183.05
18-Jul-19,12178.85,12178.85,12075.94,12086.41
19-Jul-19,12135.24,12135.24,11887.08,11907.1
22-Jul-19,11904.1,11904.1,11778.65,11824.19
23-Jul-19,11855.53,11879.82,11783.57,11807.51
24-Jul-19,11812.74,11837.87,11705.15,11747.34
25-Jul-19,11772.47,11844.23,11721.94,11736.84
26-Jul-19,11734.87,11791.16,11691.55,11768.38
29-Jul-19,11808.77,11808.77,11633.5,11673.83
30-Jul-19,11690.66,11755.54,11555.3,11567.76
31-Jul-19,11530.45,11630.04,11481.77,11602.65
01-Aug-19,11578.41,11578.41,11359.21,11460.2
02-Aug-19,11431.18,11565.48,11326.08,11481.43
05-Aug-19,11404.83,11404.83,11265.84,11349.45
06-Aug-19,11306.41,11512.69,11297.62,11437.65
07-Aug-19,11448.48,11470.53,11325.02,11347.7
08-Aug-19,11382.45,11555.95,11336.54,11533.24
09-Aug-19,11592.57,11689.77,11563.7,11615.86
13-Aug-19,11663.57,11666.7,11402.05,11423.7
14-Aug-19,11509.24,11578.73,11435.08,11528.86
16-Aug-19,11544.14,11564.26,11416.52,11539.45
19-Aug-19,11584.58,11646.68,11536.16,11547.41
20-Aug-19,11559.27,11573.21,11479.24,11513.92
21-Aug-19,11503.05,11532.64,11404.89,11415.46
22-Aug-19,11423.71,11423.71,11209.12,11231.83
23-Aug-19,11208.68,11353.15,11122.28,11318.42
26-Aug-19,11522.84,11568.47,11244.95,11556.53
27-Aug-19,11607.63,11643.69,11548.26,11609.73
28-Aug-19,11615.53,11629.71,11485.66,11545.5
29-Aug-19,11524.62,11524.62,11420.46,11446.76
30-Aug-19,11494.68,11549.02,11374.39,11528.28
03-Sep-19,11480.89,11481.84,11263.47,11292.29
04-Sep-19,11296.43,11350.99,11237.25,11335.97
05-Sep-19,11369,11413.58,11307.68,11337.95
06-Sep-19,11372.24,11448.62,11357.73,11438.07
09-Sep-19,11436.04,11523.6,11381.03,11494.19
11-Sep-19,11524.13,11551.81,11507.48,11530.35
12-Sep-19,11549.91,11584.12,11464.92,11481.27
13-Sep-19,11503.38,11584.97,11446.16,11576.27
16-Sep-19,11519.15,11557.68,11471.36,11503.27
17-Sep-19,11513.35,11513.38,11292.2,11311.51
18-Sep-19,11355.01,11381.51,11303.56,11338.6
19-Sep-19,11352.84,11352.84,11161.82,11194.94
20-Sep-19,11230.34,11903.1,11186.72,11800.71
23-Sep-19,12045.96,12237.19,12016.45,12135.95
24-Sep-19,12153.61,12191.8,12070.8,12121.22
25-Sep-19,12116.5,12116.5,11943.43,11968.16
26-Sep-19,12001.19,12142.58,11994.76,12108.64
27-Sep-19,12114.42,12131.46,12033.74,12043.75
30-Sep-19,12054.11,12054.11,11902.83,11986.23
01-Oct-19,12037.78,12070.76,11750.46,11868.35
03-Oct-19,11824.93,11880.92,11763.08,11820.19
04-Oct-19,11905.48,11905.48,11661.23,11672.68
07-Oct-19,11719.78,11732.77,11612.38,11626.46
09-Oct-19,11649.74,11827.44,11588.66,11818.99
10-Oct-19,11810.41,11810.41,11704.91,11729.5
11-Oct-19,11763.19,11864.82,11684.38,11808.38
14-Oct-19,11836.61,11931,11798.21,11840.02
15-Oct-19,11866.79,11972.72,11846.69,11933.87
16-Oct-19,11976.44,11993.17,11921.23,11974.57
17-Oct-19,11990.35,12128.98,11961.04,12114.14
18-Oct-19,12124.03,12217.18,12084.43,12194.67
22-Oct-19,12182.18,12247.69,12097.47,12111
23-Oct-19,12143.37,12176.49,12077.72,12133.61
24-Oct-19,12179.15,12209.48,12055.85,12109.37
25-Oct-19,12164.08,12174.85,12016.79,12112.85
27-Oct-19,12215.95,12217.55,12141.89,12163.95
29-Oct-19,12179.84,12365.11,12163.48,12341.21
30-Oct-19,12410.3,12440.69,12337.89,12404.64
31-Oct-19,12452.55,12513.34,12414.91,12439.27
01-Nov-19,12453.02,12483.23,12404.29,12454.22
04-Nov-19,12499.3,12554.73,12466.42,12499.53
05-Nov-19,12540.86,12547.05,12417.57,12473.89
06-Nov-19,12481.26,12568.81,12407.54,12525.52
07-Nov-19,12578.85,12589.83,12509.25,12579.94
08-Nov-19,12575.76,12606.06,12454.36,12471.34
11-Nov-19,12472.25,12498.67,12418.01,12478.01
13-Nov-19,12482.03,12511.5,12381.11,12398.52
14-Nov-19,12417.49,12457.09,12363.59,12434.85
15-Nov-19,12472.51,12536.88,12437.62,12451.62
18-Nov-19,12475.73,12505.82,12423.18,12439.52
19-Nov-19,12487.24,12512.96,12437.3,12490.34
20-Nov-19,12567.45,12592.57,12517.56,12551.66
21-Nov-19,12581.77,12586.02,12512.83,12524.75
22-Nov-19,12546.42,12546.42,12438.51,12469.68
25-Nov-19,12499.25,12647.37,12484.11,12634.91
26-Nov-19,12675.02,12702.21,12569.27,12599.36
27-Nov-19,12643.37,12682.76,12619.58,12668.99
28-Nov-19,12713.05,12723.74,12666.12,12714.99
29-Nov-19,12722.03,12722.61,12573.14,12605.82
02-Dec-19,12685.24,12690.17,12575.18,12602.69
03-Dec-19,12619.73,12626.9,12510.96,12546.63
04-Dec-19,12528.31,12608.37,12488.16,12598.25
05-Dec-19,12642.02,12645.82,12551.31,12567.75
06-Dec-19,12619.25,12619.25,12430.56,12461.22
09-Dec-19,12484.87,12524.46,12428.7,12476.96
10-Dec-19,12506.95,12506.95,12382.41,12392.67
11-Dec-19,12408.75,12463.35,12369.21,12448.02
12-Dec-19,12496.89,12548.93,12475.76,12511.72
13-Dec-19,12564.34,12653,12559.1,12640.06
16-Dec-19,12685.63,12690.39,12601.13,12606.57
17-Dec-19,12643.66,12743.75,12628.64,12728.58
18-Dec-19,12769.16,12801.43,12727.01,12785.81
19-Dec-19,12791.59,12830.33,12752.46,12817.95
20-Dec-19,12837.93,12857.68,12816.79,12837.96
23-Dec-19,12805.99,12853.7,12779.09,12829.27
24-Dec-19,12844.21,12851.58,12765.68,12776.52
26-Dec-19,12801.94,12801.94,12683.28,12690.95
27-Dec-19,12730.47,12827.23,12721.64,12815.5
30-Dec-19,12848.93,12859.84,12783.27,12823.22
31-Dec-19,12837,12837,12716.24,12736.31
01-Jan-20,12765.26,12792.16,12733.59,12752.13
02-Jan-20,12765.29,12861.52,12760.87,12854.93
03-Jan-20,12855.28,12855.88,12764.16,12798.93
06-Jan-20,12773.79,12773.79,12538.43,12556.41
07-Jan-20,12651.16,12725.65,12573.42,12616.88
08-Jan-20,12525.73,12611.09,12493.41,12594.67
09-Jan-20,12719.87,12799.62,12708.78,12790.76
10-Jan-20,12827.58,12891.94,12791.66,12838.46
13-Jan-20,12892.97,12926.12,12876.03,12920.56
14-Jan-20,12931.95,12967.33,12899.96,12956.27
15-Jan-20,12958.82,12958.87,12869.91,12937.51
16-Jan-20,12954.5,12987.19,12911.03,12947.75
17-Jan-20,12946.06,12985.57,12920.33,12948.68
20-Jan-20,13035.59,13037.58,12813.75,12821.21
21-Jan-20,12810.34,12822,12748.83,12757.05
22-Jan-20,12795.03,12816.27,12676.01,12691.58
23-Jan-20,12712.47,12778.6,12683.31,12770.97
24-Jan-20,12773.67,12867.77,12741.51,12840.77
27-Jan-20,12811.24,12811.24,12693.12,12703.36
28-Jan-20,12747.7,12752.68,12611.92,12641.28
29-Jan-20,12693.56,12759.17,12691.55,12717.54
30-Jan-20,12770.68,12770.68,12591.73,12613.45
31-Jan-20,12687.29,12688.65,12517.42,12533.2
01-Feb-20,12546.16,12593.74,12191.02,12221.66
03-Feb-20,12220.88,12319.75,12176.51,12276.75
04-Feb-20,12372.81,12561.57,12355.25,12554.36
05-Feb-20,12596.63,12679.13,12529.67,12669.65
06-Feb-20,12694.67,12744.49,12662.74,12719.29
07-Feb-20,12746,12746,12653.8,12676.28
10-Feb-20,12689.5,12691.04,12563.48,12609.91
11-Feb-20,12670.85,12754.5,12669.51,12683.08
12-Feb-20,12721.93,12817.79,12721.7,12785.52
13-Feb-20,12826.57,12826.94,12722.16,12755.7
14-Feb-20,12771.08,12830.56,12669.65,12689.52
17-Feb-20,12711.49,12734.62,12608.71,12616.25
18-Feb-20,12613.25,12613.25,12480.36,12569.29
19-Feb-20,12637.31,12712.11,12614.97,12702.6
20-Feb-20,12706.39,12731.96,12647.55,12656.95
24-Feb-20,12617.06,12617.06,12377.26,12394.62
25-Feb-20,12438.26,12451.64,12344.35,12363
26-Feb-20,12333.11,12347.72,12197.11,12236.12
27-Feb-20,12253.34,12253.34,12086.09,12185.32
28-Feb-20,11980.92,11980.92,11704.38,11728.36
02-Mar-20,11920.02,11975.7,11564.34,11671.89
03-Mar-20,11778.07,11887.74,11690.75,11851.67
04-Mar-20,11881.25,11902.28,11621.91,11796.8
05-Mar-20,11857.45,11941.22,11789.33,11814.54
06-Mar-20,11537.92,11580.46,11358.55,11532.81
09-Mar-20,11347.06,11347.06,10805.69,10954.99
11-Mar-20,10913.52,11058.42,10842.2,10958.61
12-Mar-20,10582.26,10582.26,9967.31,10048.69
13-Mar-20,9578.28,10639.15,8994.38,10433.49
16-Mar-20,10143.36,10143.36,9594.05,9626.67
17-Mar-20,9687.9,9836.32,9330.07,9383.36
18-Mar-20,9510.64,9545.3,8802.19,8872.95
19-Mar-20,8534.51,8983.15,8209.79,8655
20-Mar-20,8719.55,9301.53,8565.89,9160.19
23-Mar-20,8481.33,8550.93,7933.31,7961.26
24-Mar-20,8284.3,8405.27,7864.01,8161.78
25-Mar-20,8109.19,8761.84,8072.91,8694.95
26-Mar-20,8851.7,9157.09,8697.82,9101.42
27-Mar-20,9344.88,9460.67,8918.47,9059.96
30-Mar-20,8893.46,8975.6,8631.83,8677.57
31-Mar-20,8933.26,9086.11,8753.12,9000.99
01-Apr-20,9015.88,9015.9,8595.78,8652.71
03-Apr-20,8755.4,8762.59,8442.69,8468.87
07-Apr-20,8850.04,9247.27,8763.69,9221.21
08-Apr-20,9120.5,9582.64,9079.87,9179.09
09-Apr-20,9385.59,9571.87,9344.8,9552.57
13-Apr-20,9572.26,9572.26,9344.17,9423.89
15-Apr-20,9598.5,9706.76,9306.13,9356.74
16-Apr-20,9279.83,9488.94,9250.95,9432.01
17-Apr-20,9742.71,9762.52,9529.31,9712.64
20-Apr-20,9852.38,9852.38,9676.19,9709.47
21-Apr-20,9479.48,9479.48,9340.25,9409.9
22-Apr-20,9470.73,9648.7,9377.87,9626.56
23-Apr-20,9711.07,9789.62,9609.87,9758.9
24-Apr-20,9634.89,9743.95,9582.29,9594.75
27-Apr-20,9699.16,9823.39,9697.16,9726.42
28-Apr-20,9836.65,9853.57,9701.5,9828.88
29-Apr-20,9893.04,10053.25,9847.89,10005.19
30-Apr-20,10206.43,10353,10197.88,10326.33
04-May-20,10038.73,10038.73,9704.08,9729.58
05-May-20,9870.88,9895.98,9620,9635.83
06-May-20,9671.04,9779.67,9539.09,9703.58
07-May-20,9699.48,9707.13,9606.8,9624.81
08-May-20,9819.16,9821.91,9668.39,9681.4
11-May-20,9800.37,9878.41,9650.24,9668.47
12-May-20,9606.51,9667.22,9465.55,9621.06
13-May-20,10064.35,10065.32,9780.07,9812.41
14-May-20,9654.02,9706.68,9541.03,9563.96
15-May-20,9617.82,9617.82,9468.5,9554.68
18-May-20,9600.84,9600.84,9213.53,9230.54
19-May-20,9359.42,9439.62,9260,9284.4
20-May-20,9273.23,9502.5,9272.74,9483.67
21-May-20,9509.95,9595.79,9468.85,9518.43
22-May-20,9485.63,9564.46,9378.88,9447.15
26-May-20,9505.56,9572.86,9404.02,9434.56
27-May-20,9489.75,9748.16,9409.08,9731.62
28-May-20,9797.82,9933.2,9743.51,9914.06
29-May-20,9867.84,10031.79,9806.76,10013.16
01-Jun-20,10155.94,10379.42,10150.16,10269
02-Jun-20,10318.12,10439.12,10267.81,10425.98
03-Jun-20,10539.27,10628.54,10484.32,10511.4
04-Jun-20,10503.1,10576.82,10393.3,10483.5
05-Jun-20,10553.01,10624.88,10486.58,10590.99
08-Jun-20,10754.88,10782.72,10574.35,10621.72
09-Jun-20,10669.67,10754.57,10474.18,10498.7
10-Jun-20,10520.77,10599.4,10485.82,10569.15
11-Jun-20,10562.73,10563.74,10329.62,10346.3
12-Jun-20,10010.41,10439.24,9985.33,10415.95
15-Jun-20,10390.68,10390.68,10164.04,10251.98
16-Jun-20,10439.37,10489.83,10166.26,10355.14
17-Jun-20,10304.86,10452.31,10276.05,10329.86
18-Jun-20,10291.08,10559.7,10291.08,10541.07
19-Jun-20,10582.85,10729.21,10524.18,10701.77
22-Jun-20,10756.64,10849.08,10732.37,10766.62
23-Jun-20,10798.28,10944.25,10755.95,10929.86
24-Jun-20,11004.62,11017.64,10735.1,10759.35
25-Jun-20,10661.47,10819.2,10650.12,10748.85
26-Jun-20,10840.79,10874.61,10775.81,10849.24
29-Jun-20,10780.18,10801.97,10692.13,10780.05
30-Jun-20,10846.97,10870.81,10735.29,10768.19
01-Jul-20,10799.82,10921.38,10775.08,10905.35
02-Jul-20,10962.68,11078.07,10960.43,11033.33
03-Jul-20,11091.11,11119.03,11050.03,11096.47
06-Jul-20,11183.14,11289.06,11166.82,11238.23
07-Jul-20,11290.23,11294.14,11165.7,11280.03
08-Jul-20,11305.8,11331.01,11152.63,11180.7
09-Jul-20,11222.71,11315.73,11211.97,11294.68
10-Jul-20,11246.32,11305.36,11197.4,11255.67
13-Jul-20,11339.77,11384.11,11244.95,11295.28
14-Jul-20,11248.72,11251.98,11053.06,11096.79
15-Jul-20,11186.74,11328.55,11070.15,11114.55
16-Jul-20,11213.63,11261.41,11097.14,11247.04
17-Jul-20,11273.68,11446.4,11263.8,11416.23
20-Jul-20,11529.43,11556.02,11465.56,11537.76
21-Jul-20,11655.8,11698.35,11632.01,11685.33
22-Jul-20,11759.16,11764.28,11572.29,11652.48
23-Jul-20,11638.72,11762.14,11618.46,11739.87
24-Jul-20,11683.24,11749.9,11609.7,11719.21
27-Jul-20,11763.77,11763.77,11607.05,11659
28-Jul-20,11694.84,11853.53,11686.54,11836.46
29-Jul-20,11823.16,11879.14,11681.18,11735.95
30-Jul-20,11789.72,11840.64,11624.6,11641.63
31-Jul-20,11675.12,11694.69,11563.6,11618.98
03-Aug-20,11618.74,11619.15,11420.68,11428.75
04-Aug-20,11476.51,11657.52,11445.65,11641.68
05-Aug-20,11703.57,11775.63,11607.54,11646.24
06-Aug-20,11729.17,11803.82,11674.92,11750.97
07-Aug-20,11737.53,11781.47,11691.2,11762.49
10-Aug-20,11809.23,11888.68,11783.65,11816.27
11-Aug-20,11876.89,11929.76,11851.79,11875.49
12-Aug-20,11854.89,11872.38,11791.65,11859.94
13-Aug-20,11894.59,11912.37,11822.92,11852.76
14-Aug-20,11892.31,11917.48,11652.3,11722.62
17-Aug-20,11779.5,11807.85,11685.39,11791.26
18-Aug-20,11805.5,11946.11,11797.39,11932.12
19-Aug-20,11991.71,12011.65,11935.33,11953.62
20-Aug-20,11857.84,11898.15,11826.55,11846.83
21-Aug-20,11927.1,11959.05,11901.35,11909.56
24-Aug-20,11955.72,12034.92,11949.59,12003.77
25-Aug-20,12052.08,12067.36,11961.93,12013.32
26-Aug-20,12046.59,12098.94,11999.21,12087.55
27-Aug-20,12151.91,12159.88,12084.15,12102.25
28-Aug-20,12146.45,12232.88,12140.16,12192.94
31-Aug-20,12315.85,12348.25,11864.5,11927.59
01-Sep-20,11963.83,12100.99,11909.01,12021.62
02-Sep-20,12025.61,12101.65,11975.14,12082.72
03-Sep-20,12110.22,12129.99,12052.23,12071.54
04-Sep-20,11866.33,11988.49,11836.34,11866.3
07-Sep-20,11856.76,11914.19,11777.66,11886.33
08-Sep-20,11915.03,11980.36,11830.9,11858.3
09-Sep-20,11748.19,11838.97,11725.43,11820.1
10-Sep-20,11918.29,12017.52,11876.74,12006.29
11-Sep-20,12015.56,12050.55,11978.83,12023.68
14-Sep-20,12089.99,12131.9,11942.9,11999.67
15-Sep-20,12044.44,12104.33,12005.38,12087.12
16-Sep-20,12120.57,12190.66,12090.6,12176.65
17-Sep-20,12126.2,12160.48,12069.23,12085.76
18-Sep-20,12161.66,12161.66,12017.09,12078.32
21-Sep-20,12071.1,12107.7,11778.84,11808.56
22-Sep-20,11857.81,11861.27,11637.18,11715.55
23-Sep-20,11836.47,11840.53,11584.81,11692.89
24-Sep-20,11569.69,11574.34,11335.6,11353.74
25-Sep-20,11481.41,11637.06,11410.81,11611.93
28-Sep-20,11723.17,11815.16,11666.98,11799.72
29-Sep-20,11866.18,11884.42,11754.92,11794.08
30-Sep-20,11824.56,11870.04,11755.75,11820.78
01-Oct-20,11925.56,12007.92,11925.56,11996.53
05-Oct-20,12078.45,12163.23,12037.47,12089.81
06-Oct-20,12197.1,12268.77,12156.85,12255.24
07-Oct-20,12271.95,12353.2,12222.02,12326.81
08-Oct-20,12427.87,12494.58,12379.69,12423.19
09-Oct-20,12438.51,12528.52,12390.19,12507.07
12-Oct-20,12566.41,12614.17,12447.49,12512.23
13-Oct-20,12515.21,12575.98,12475.64,12518.98
14-Oct-20,12516.3,12580.91,12400.66,12555.3
15-Oct-20,12626.38,12626.38,12231.28,12248.43
16-Oct-20,12305.16,12359.79,12237.46,12327.84
19-Oct-20,12431.08,12472.31,12390.64,12451.26
20-Oct-20,12449.58,12527.33,12413.66,12477.98
21-Oct-20,12551.65,12603.66,12349.72,12517.24
22-Oct-20,12470.26,12519.69,12399.39,12475.28
23-Oct-20,12528.22,12555.06,12490.87,12513.74
26-Oct-20,12510.59,12527.76,12286.54,12344.5
27-Oct-20,12361.02,12469.02,12292.55,12458.95
28-Oct-20,12499.64,12499.64,12243.56,12284.75
29-Oct-20,12173.47,12305.32,12164.32,12230.79
30-Oct-20,12244.55,12310.05,12087.4,12196.08
02-Nov-20,12277.28,12283.51,12110.53,12223.88
03-Nov-20,12294.17,12399.89,12287.18,12375.18
04-Nov-20,12354.44,12498.5,12319.53,12477.29
05-Nov-20,12624.17,12705.64,12601.24,12697.02
06-Nov-20,12724.31,12862.95,12711.01,12846.11
09-Nov-20,12960.75,13062.38,12951.78,13048.46
10-Nov-20,13153.42,13239.15,13064.36,13227.03
11-Nov-20,13279.04,13366.26,13162.89,13347.56
12-Nov-20,13267.98,13338.55,13218.01,13286.43
13-Nov-20,13265.91,13333.73,13201.82,13318.68
14-Nov-20,13430.94,13435.48,13352.39,13383.03
17-Nov-20,13512.71,13530.95,13396.22,13473.62
18-Nov-20,13483.01,13550.14,13415.99,13539.46
19-Nov-20,13460.43,13564.75,13339.24,13363.32
20-Nov-20,13405.45,13486.49,13320.16,13449.64
23-Nov-20,13531.94,13561.83,13417.45,13519.5
24-Nov-20,13600.56,13677.48,13572.82,13654.6
25-Nov-20,13726.19,13748.69,13427.17,13449.4
26-Nov-20,13491.81,13616.52,13379.27,13585.55
27-Nov-20,13608.38,13629.21,13509.93,13552.6
01-Dec-20,13643.08,13724.87,13550.14,13704.05
02-Dec-20,13730.55,13730.77,13577.77,13713.85
03-Dec-20,13799.05,13813.31,13708.94,13734.46
04-Dec-20,13751.03,13885.09,13751.03,13865.32
07-Dec-20,13876.58,13980.97,13854.95,13971.46
08-Dec-20,14018.51,14054.6,13923.84,14013.21
09-Dec-20,14096.41,14175.19,14073.01,14153.2
10-Dec-20,14122.66,14136.41,14022.57,14111.49
11-Dec-20,14146.97,14215.27,14029.69,14146.35
14-Dec-20,14206.42,14235.66,14107.75,14192.93
15-Dec-20,14206.5,14222.6,14077.93,14200.08
16-Dec-20,14292.77,14330.58,14242.65,14320.01
17-Dec-20,14353.3,14408.76,14312.09,14371.06
18-Dec-20,14413.93,14413.93,14289.91,14397.6
21-Dec-20,14383.13,14418.76,13744.33,13946.82
22-Dec-20,13934.89,14122.06,13809.36,14098.77
23-Dec-20,14119.75,14264.31,14065.2,14244.39
24-Dec-20,14337.02,14419.62,14271.83,14397.03
28-Dec-20,14459.4,14537.96,14458.99,14525.34
29-Dec-20,14567.3,14626.53,14511.96,14590.32
30-Dec-20,14646.29,14653.22,14518.81,14639.19
31-Dec-20,14643.69,14681.65,14598.91,14640.61
01-Jan-21,14651.85,14711.52,14646.97,14680.13
04-Jan-21,14757.89,14816.98,14615.79,14803.19
05-Jan-21,14759.35,14887.78,14712.75,14873.01
06-Jan-21,14925.58,14925.58,14701.5,14808.33
07-Jan-21,14912.25,14924.91,14784.49,14801.08
08-Jan-21,14911.22,15037.07,14889.69,15017.06
11-Jan-21,15157.41,15178.05,15061.38,15167.49
12-Jan-21,15163.56,15271.83,15116.55,15247.78
13-Jan-21,15327.7,15342.69,15112.46,15250.06
14-Jan-21,15234.46,15302.69,15152.77,15278.68
15-Jan-21,15299.21,15303.62,15034.63,15111.95
18-Jan-21,15115.12,15134.37,14895.29,14946.74
19-Jan-21,15048.64,15226.61,15028.04,15201.3
20-Jan-21,15240.57,15358.92,15200.22,15334.88
21-Jan-21,15430.28,15453.68,15209.31,15280.93
22-Jan-21,15281.42,15315.38,15041.03,15054.74
25-Jan-21,15177.47,15179.94,14891.23,14912.52
27-Jan-21,14929.6,14930.13,14597.49,14636.5
28-Jan-21,14458.01,14565.35,14377.14,14482.05
29-Jan-21,14647.21,14647.88,14245.92,14287.7
01-Feb-21,14380.68,15011.35,14314.2,14961.65
02-Feb-21,15148.38,15418.56,15148.29,15325.48
03-Feb-21,15454.21,15557,15250.57,15475.67
04-Feb-21,15469.07,15600.93,15396.98,15580.92
05-Feb-21,15705.61,15705.61,15549.89,15609.92
08-Feb-21,15735.35,15847.48,15735.35,15806.21
09-Feb-21,15853.75,15952.09,15753.39,15798.84
10-Feb-21,15818.88,15859.79,15662.15,15801.19
11-Feb-21,15758.31,15885.87,15751.17,15869.04
12-Feb-21,15900.57,15945.71,15778.61,15863.08
15-Feb-21,15971.46,16042.27,15962.09,16020.63
16-Feb-21,16095.84,16138.63,15938.32,16012.9
17-Feb-21,15983.62,16012.87,15866.67,15906.8
18-Feb-21,15969.9,15969.9,15768.64,15809.06
19-Feb-21,15788.89,15829.48,15575.66,15659.89
22-Feb-21,15666.48,15691.57,15300.07,15338.76
23-Feb-21,15414.25,15524.23,15314.13,15372.37
24-Feb-21,15391.65,15689.21,15328.71,15663.24
25-Feb-21,15791.4,15857.68,15750.21,15778.93
26-Feb-21,15535.92,15593.68,15123.6,15188.93
01-Mar-21,15384.4,15475.49,15302.51,15430.09
02-Mar-21,15559.57,15636.62,15429.81,15593.46
03-Mar-21,15726.67,15961.35,15677.89,15934.3
04-Mar-21,15742.84,15890.1,15664.75,15764.36
05-Mar-21,15672.01,15773.1,15535.19,15613.05
08-Mar-21,15698.28,15788.36,15594.59,15631.09
09-Mar-21,15715.12,15802.76,15596.76,15777.16
10-Mar-21,15894.06,15902.78,15786.47,15863.82
12-Mar-21,15979.69,16025.44,15633.47,15711.16
15-Mar-21,15710.83,15727.49,15415.49,15603.92
16-Mar-21,15672.28,15730.62,15568.58,15589.54
17-Mar-21,15606.33,15630.3,15367.8,15393.57
18-Mar-21,15507.24,15546.96,15141.42,15220.79
19-Mar-21,15120.64,15463.7,15003.44,15422.36
22-Mar-21,15425.12,15442.42,15273.01,15418.68
23-Mar-21,15455.57,15564.08,15390.58,15500
24-Mar-21,15422.03,15434.86,15209.88,15226.24
25-Mar-21,15233.56,15245.94,14926.24,14993.8
26-Mar-21,15153.61,15250.44,15082.6,15182.44
30-Mar-21,15282.36,15562.2,15282.36,15531.33
31-Mar-21,15507.96,15508.28,15351.8,15372.5
01-Apr-21,15486.84,15572.92,15377.68,15555.76
05-Apr-21,15558.23,15560.04,15130.58,15315.73
06-Apr-21,15402.55,15461.15,15252.93,15366.93
07-Apr-21,15393.98,15571.21,15340.92,15508.57
08-Apr-21,15580.53,15677.36,15511.41,15564.95
09-Apr-21,15571.23,15614.34,15477.04,15524.36
12-Apr-21,15318.4,15321.27,14916.39,14978.01
13-Apr-21,15011.32,15207.94,14945.25,15184.09
15-Apr-21,15177.12,15288.76,15026.81,15264.23
16-Apr-21,15309.83,15383.49,15241.67,15301.03
19-Apr-21,15020.06,15055.63,14859.62,15032.04
20-Apr-21,15200.05,15204.11,14877.05,14966.56
22-Apr-21,14901.15,15102.05,14823.3,15081.5
23-Apr-21,15019.7,15137.59,14944.09,15014.32
26-Apr-21,15110.67,15239.18,15100.76,15161.63
27-Apr-21,15184.96,15358.51,15176.75,15340.02
28-Apr-21,15385.65,15582.38,15385.4,15556.29
29-Apr-21,15668.79,15748.85,15508.98,15589.88
30-Apr-21,15472.97,15554.47,15293.89,15322.41
03-May-21,15197.71,15365.83,15096.73,15323.28
04-May-21,15386.13,15418.21,15145.39,15179.67
05-May-21,15282.72,15325.76,15191.74,15305.76
06-May-21,15373.72,15437.62,15301.84,15417.89
07-May-21,15495.17,15561.24,15459.77,15516.77
10-May-21,15610.43,15666.03,15589.66,15639.01
11-May-21,15496.68,15593.08,15467.01,15543.46
12-May-21,15555.66,15555.66,15351.82,15401.39
14-May-21,15474.36,15474.36,15293.68,15382.34
17-May-21,15464.51,15648.11,15433.05,15633.33
18-May-21,15764.04,15851.9,15759.38,15820.03
19-May-21,15788.21,15847.9,15718.12,15739.73
20-May-21,15756.65,15782.35,15592.29,15613.53
21-May-21,15703.3,15903.1,15696.64,15889.84
24-May-21,15948.17,15972.43,15862.9,15913.45
25-May-21,16005.64,16015.87,15879.35,15925.12
26-May-21,15996.26,16043.22,15911.99,16024.08
27-May-21,16064.99,16110.92,15995.4,16062.73
28-May-21,16153.07,16199.16,16120.4,16161.71
31-May-21,16186.78,16344.94,16102.5,16321.15
01-Jun-21,16364.4,16402.01,16263.93,16312.93
02-Jun-21,16266.2,16333.9,16192.36,16313.5
03-Jun-21,16398.51,16442.75,16349.85,16430.67
04-Jun-21,16467.67,16478.51,16360.62,16410.4
07-Jun-21,16458.33,16515.33,16419.17,16493.51
08-Jun-21,16526.94,16527.99,16420.56,16484.86
09-Jun-21,16528.16,16544.8,16303.6,16374.9
10-Jun-21,16440.31,16501.41,16392.02,16486.99
11-Jun-21,16545.79,16588.6,16505.48,16554.43
14-Jun-21,16545.55,16583.81,16353.39,16571.55
15-Jun-21,16632.52,16665.46,16607.73,16631.28
16-Jun-21,16635.16,16645.1,16503.71,16525.76
17-Jun-21,16406.2,16526.75,16366.7,16445.31
18-Jun-21,16513.92,16519.37,16192.76,16437.57
21-Jun-21,16285.87,16516.88,16247.1,16501.08
22-Jun-21,16597.31,16654.51,16505.53,16524.57
23-Jun-21,16625.66,16626.15,16422.7,16435.58
24-Jun-21,16496.96,16576.31,16455.92,16544.08
25-Jun-21,16598,16627.58,16527.13,16615.3
28-Jun-21,16680.62,16680.62,16551.21,16570.4
29-Jun-21,16590.19,16599.07,16481.49,16504.59
30-Jun-21,16541.39,16601.71,16470.33,16482.07
01-Jul-21,16529.21,16529.21,16429.75,16442.45
02-Jul-21,16482.34,16501.62,16399.28,16488.78
05-Jul-21,16553.39,16618.62,16530.16,16607.54
06-Jul-21,16611.12,16689.04,16570.4,16588.9
07-Jul-21,16604.88,16667.6,16550.29,16650.97
08-Jul-21,16655.13,16660.96,16450.09,16494.38
09-Jul-21,16477.9,16500.21,16398.84,16458.46
12-Jul-21,16538.59,16557.89,16410.97,16461.02
13-Jul-21,16558.83,16588.04,16512.85,16580.6
14-Jul-21,16591.88,16646.8,16532.94,16624.01
15-Jul-21,16646.48,16726.83,16635.58,16697.34
16-Jul-21,16727.27,16739.66,16657.11,16697.54
19-Jul-21,16539.69,16611.65,16475.28,16522.05
20-Jul-21,16484.81,16496.59,16341.27,16397.54
22-Jul-21,16492.48,16614.1,16486.49,16603.12
23-Jul-21,16648.83,16684.36,16547.17,16640.04
26-Jul-21,16648.25,16682.07,16585.25,16608.17
27-Jul-21,16655.33,16665.3,16479.65,16527.5
28-Jul-21,16561.96,16561.96,16289.54,16491.04
29-Jul-21,16570,16603.66,16524.65,16563.81
30-Jul-21,16605.44,16651.74,16530.24,16547.5
02-Aug-21,16646.54,16678.31,16624.75,16669.45
03-Aug-21,16727.94,16948.82,16709.15,16930.31
04-Aug-21,17006.09,17096.61,16991.93,17059.13
05-Aug-21,17122.68,17153.2,17010.5,17097.94
06-Aug-21,17104.75,17143.24,17020.76,17039.62
09-Aug-21,17080.08,17121.19,16972.99,17055.79
10-Aug-21,17079.6,17165.07,17001.68,17082.82
11-Aug-21,17130.59,17148.12,16962.95,17086.29
12-Aug-21,17122.78,17185.52,17095.79,17177.88
13-Aug-21,17201.88,17363.67,17197.57,17346.9
16-Aug-21,17361.8,17412.17,17300.56,17384.39
17-Aug-21,17381.87,17460.25,17317.23,17441.79
18-Aug-21,17525.15,17535.68,17364.04,17395.43
20-Aug-21,17244.92,17337.45,17194.69,17274.09
23-Aug-21,17384.83,17413.73,17224.87,17324.89
24-Aug-21,17365.27,17474.54,17325.62,17455.53
25-Aug-21,17492.28,17549.04,17453.1,17468.79
26-Aug-21,17487.15,17521.41,17437.79,17469
27-Aug-21,17451.72,17556.86,17397.67,17541.06
30-Aug-21,17607.15,17800.96,17601.6,17781.23
31-Aug-21,17816.33,18010.32,17766.95,17989.26
01-Sep-21,18054.74,18089.76,17907.57,17931.06
02-Sep-21,17961.15,18107.33,17919.14,18095.98
03-Sep-21,18135.7,18204.16,18074.8,18185.07
06-Sep-21,18276.36,18299.6,18212.31,18245.2
07-Sep-21,18289.04,18310.19,18154.59,18228.37
08-Sep-21,18253.2,18254.28,18117.31,18216.57
09-Sep-21,18192.41,18242.96,18167.33,18233.9
13-Sep-21,18230.09,18244.38,18133.85,18217.45
14-Sep-21,18309.93,18310.07,18235.93,18244.09
15-Sep-21,18279.35,18406.53,18256.7,18393.61
16-Sep-21,18443.32,18514.97,18379.45,18498.47
17-Sep-21,18582.03,18669.3,18402.32,18449.63
20-Sep-21,18328.23,18487.96,18216.23,18250.65
21-Sep-21,18282.19,18441.49,18179.98,18419.3
22-Sep-21,18469.19,18474.18,18386.49,18408.5
23-Sep-21,18545.98,18716.1,18513.23,18694.78
24-Sep-21,18776.81,18825.88,18694.06,18724
27-Sep-21,18804.47,18820.26,18672.03,18727.35
28-Sep-21,18792.93,18793.61,18432.21,18612.39
29-Sep-21,18499.63,18638.1,18463.43,18564.89
30-Sep-21,18610.07,18610.07,18437.2,18469.91
01-Oct-21,18401.22,18405.35,18297.94,18376.17
04-Oct-21,18488.6,18605.92,18435.04,18546.53
05-Oct-21,18555.36,18696.11,18499.5,18686.18
06-Oct-21,18754.39,18754.48,18469.08,18503.08
07-Oct-21,18642.3,18720.34,18625.44,18654.51
08-Oct-21,18749.91,18811.91,18706.32,18760.31
11-Oct-21,18785.06,18913.85,18701.76,18814.68
12-Oct-21,18801.25,18880.24,18734.37,18865.83
13-Oct-21,18984.66,19079.16,18932.55,19044.75
14-Oct-21,19172.83,19236.13,19133.46,19221.51
18-Oct-21,19394.08,19435.87,19338.04,19365.56
19-Oct-21,19490.82,19493.79,19261.21,19304.04
20-Oct-21,19330.16,19347.41,19087.28,19144.31
21-Oct-21,19247.59,19262.19,18909.64,19050.19
22-Oct-21,19095.44,19187.1,18895,18978.85
25-Oct-21,19137.84,19139.51,18825.69,18989.62
26-Oct-21,19004.71,19180.08,18962.08,19136.18
27-Oct-21,19184.15,19215.44,19035.92,19082.79
28-Oct-21,19054.65,19054.65,18645.73,18711.07
29-Oct-21,18680.18,18771,18452.26,18517.39
01-Nov-21,18607.28,18805.95,18545.2,18785.66
02-Nov-21,18864.26,18870.36,18701.82,18740.95
03-Nov-21,18813.8,18846.37,18606.44,18679.66
04-Nov-21,18821.77,18821.77,18757.02,18773.4
08-Nov-21,18870.3,18940.96,18684.11,18922.12
09-Nov-21,18944.36,18967.57,18834.45,18896.14
10-Nov-21,18852.88,18917.16,18763.76,18869.53
11-Nov-21,18851.81,18852.19,18647.43,18723.92
12-Nov-21,18827.75,18979.26,18755.4,18959.43
15-Nov-21,19013.12,19068.71,18930.02,18964.35
16-Nov-21,18984.64,18994.66,18813.88,18850.76
17-Nov-21,18814.21,18881.38,18732.33,18753.51
18-Nov-21,18748.9,18801.59,18538.59,18615.97
22-Nov-21,18639.48,18657.15,18113.23,18257.48
23-Nov-21,18124.63,18397.94,18045.87,18343.33
24-Nov-21,18402.95,18444.09,18188.43,18249.85
25-Nov-21,18263.55,18404.75,18184.21,18377.71
26-Nov-21,18214.34,18214.34,17805.38,17840.4
29-Nov-21,17797.26,17990.04,17592.77,17876.51
30-Nov-21,17882.76,18159.86,17753.21,17810.75
01-Dec-21,17911.21,18044.8,17891.69,17997.91
02-Dec-21,18033.46,18257.06,17997.89,18240.7
03-Dec-21,18265.31,18329.53,18009.72,18024.54
06-Dec-21,18046.21,18047.14,17704.23,17721.43
07-Dec-21,17840.46,18074.95,17800.31,17999.38
08-Dec-21,18157.1,18322.23,18148.82,18306.11
09-Dec-21,18367.48,18380.04,18217.03,18357.37
10-Dec-21,18322.49,18375.65,18244.71,18352.6
13-Dec-21,18452.85,18488.28,18195.05,18205.78
14-Dec-21,18138.31,18214.3,18058.92,18161.65
15-Dec-21,18162.51,18185.9,18022.98,18052.44
16-Dec-21,18190.07,18215.79,18013.46,18080.88
17-Dec-21,18113.78,18125.79,17787.14,17805.32
20-Dec-21,17652.8,17656.28,17204.74,17419.48
21-Dec-21,17573.33,17757.38,17499.97,17587.32
22-Dec-21,17673.19,17799.29,17643.77,17784.16
23-Dec-21,17885.16,17951.77,17847.71,17901.79
24-Dec-21,17979.39,17995.44,17738.51,17832.55
27-Dec-21,17778.82,17944.16,17656.05,17916.54
28-Dec-21,18018.89,18088.42,17996.1,18071.88
29-Dec-21,18074.43,18129.01,18014.41,18048.99
30-Dec-21,18037.47,18105.42,17986.11,18039.55
31-Dec-21,18056.42,18244.94,18055.87,18199.47
03-Jan-22,18224.09,18500.93,18223.57,18479.17
04-Jan-22,18532.18,18685.98,18444.31,18661.9
05-Jan-22,18680.71,18809.24,18607.39,18785.93
06-Jan-22,18640.12,18654.75,18513.12,18607.34
07-Jan-22,18661.32,18770.11,18564.14,18673.77
10-Jan-22,18771.76,18881.4,18745.6,18870.3
11-Jan-22,18854.87,18949.51,18830.51,18923.7
12-Jan-22,19047.33,19107.81,19000.41,19087.48
13-Jan-22,19123.34,19151.43,19039.05,19135.32
14-Jan-22,19080.58,19161.27,18991.31,19129.09
17-Jan-22,19139.11,19196.37,19105,19180.09
18-Jan-22,19224.85,19229.74,18949.64,18979.11
19-Jan-22,19002.76,19009.19,18744.03,18799.15
20-Jan-22,18789.96,18789.96,18492.14,18609.49
21-Jan-22,18487.61,18558.14,18328.84,18460.9
24-Jan-22,18457.22,18457.22,17815.28,17971.83
25-Jan-22,17866.6,18141.27,17650.24,18107.35
27-Jan-22,17949.9,18006.47,17680.35,17933.43
28-Jan-22,18091.39,18205.32,17898.94,17922.7
31-Jan-22,18125.85,18245.17,18098.64,18175.16
01-Feb-22,18368.05,18468.17,18076.74,18424.85
02-Feb-22,18549.94,18649.16,18524.22,18633.26
03-Feb-22,18624.06,18636.7,18363.28,18406.34
04-Feb-22,18446,18466.67,18305.12,18363.63
07-Feb-22,18336.14,18385.04,17950.93,18048.29
08-Feb-22,18101.57,18142.63,17869.45,18098.45
09-Feb-22,18208.94,18317.4,18191.8,18306.34
10-Feb-22,18409.27,18486.18,18265.27,18447.2
11-Feb-22,18300.89,18300.89,18134.79,18206.83
14-Feb-22,17772.26,17904.7,17621.9,17655.68
15-Feb-22,17752.25,18206.59,17653.49,18185.41
16-Feb-22,18242.43,18329.43,18091.75,18158.56
17-Feb-22,18229.42,18278.36,18063.48,18133.75
18-Feb-22,18017.26,18215.09,18017.26,18107.03
21-Feb-22,18017.07,18177.82,17888.74,18029.91
22-Feb-22,17644.2,17964.6,17634.77,17909.15
23-Feb-22,18010.58,18043.18,17845.4,17881.85
24-Feb-22,17330.79,17500.68,16982.49,17025.43
25-Feb-22,17271.6,17550.85,17271.21,17455.12
28-Feb-22,17301.18,17620.67,17139.44,17596.12
02-Mar-22,17422.98,17475.87,17271.06,17399.7
03-Mar-22,17551.82,17573.53,17233.57,17286.3
04-Mar-22,17155.03,17241.52,16908.39,17023.82
07-Mar-22,16674.27,16699.74,16453.37,16608.46
08-Mar-22,16497.4,16785.64,16413.63,16768.82
09-Mar-22,16888.71,17196.29,16751.54,17120.56
10-Mar-22,17585.29,17585.29,17229.64,17381.21
11-Mar-22,17314.29,17484.49,17257.55,17420.07
14-Mar-22,17439.72,17687.02,17393.22,17671.34
15-Mar-22,17711.19,17731.79,17346.79,17456.46
16-Mar-22,17693.54,17794.62,17644.28,17779.41
17-Mar-22,18013.18,18168.06,17987.84,18107.29
21-Mar-22,18163.93,18191.36,17913,17930.94
22-Mar-22,17938.14,18153.47,17813.3,18135.55
23-Mar-22,18209.14,18267.44,18012.32,18050.42
24-Mar-22,17917.68,18106.41,17900.06,18035.25
25-Mar-22,18098.36,18111.06,17884.61,17965.47
28-Mar-22,17996.45,18045.41,17805.75,18033.71
29-Mar-22,18102.66,18160.55,18050.96,18144.54
30-Mar-22,18259.26,18353.52,18212.1,18338.48
31-Mar-22,18367.81,18395.74,18271.31,18299.21
01-Apr-22,18290.79,18549.99,18265.25,18514.22
04-Apr-22,18654.28,18954.77,18652.74,18912.99
05-Apr-22,18978.61,18978.61,18781.78,18815.4
06-Apr-22,18717.63,18755.35,18631.76,18658.04
07-Apr-22,18603.96,18639.45,18471.7,18488.17
08-Apr-22,18559.18,18699.76,18451.76,18641.76
11-Apr-22,18617.43,18630.44,18496.73,18520.08
12-Apr-22,18454.72,18454.72,18278.62,18368.78
13-Apr-22,18469.45,18508.37,18291.65,18308.58
18-Apr-22,18028.97,18060.75,17889.9,17998.35
19-Apr-22,18070.98,18103.72,17624.18,17765.15
20-Apr-22,17858.76,18004.03,17787.16,17952.67
21-Apr-22,18074.8,18239.02,18036.42,18216.26
22-Apr-22,18096.09,18137.68,17966.97,17987.99
25-Apr-22,17838.55,17864.49,17691.99,17761.22
26-Apr-22,17911.55,18045.07,17877.96,18020.09
27-Apr-22,17901.46,17926.29,17771.3,17855.21
28-Apr-22,18006.82,18150.57,17888.95,18072.39
29-Apr-22,18164.54,18207.52,17870.75,17919.26
02-May-22,17734.65,17906.32,17725.78,17883.22
04-May-22,17930.02,17952.2,17424.9,17478.63
05-May-22,17659.87,17758.54,17456.23,17482.99
06-May-22,17227.78,17277.73,17130.88,17205.58
09-May-22,17011.83,17192.14,16923.1,17089.3
10-May-22,17035.81,17199.66,16980.11,17024.64
11-May-22,17073.26,17106.58,16767.44,16952.67
12-May-22,16811.14,16816.85,16505.29,16580.35
13-May-22,16780.24,16871.07,16511.99,16553.81
16-May-22,16617.45,16755.25,16512.72,16615.23
17-May-22,16716.69,17077.67,16684.67,17054.26
18-May-22,17128.28,17199.74,17004.88,17033.24
19-May-22,16677.85,16766.33,16545.36,16581.44
20-May-22,16805.27,17074.37,16784.73,17056.27
23-May-22,17089.76,17208.79,16972.34,16998.55
24-May-22,17006.15,17049.32,16858.88,16909.38
25-May-22,16972.63,17008.72,16784.01,16804.43
26-May-22,16870.67,16989.21,16684.63,16960.4
27-May-22,17096.2,17157.97,17008.32,17140.62
30-May-22,17325.61,17500.54,17313.94,17466.43
31-May-22,17388.28,17494.13,17320.57,17388.83
01-Jun-22,17395.43,17455.49,17238.49,17327.41
02-Jun-22,17330.85,17461.54,17243.94,17443.5
03-Jun-22,17573.7,17618.48,17383.13,17397.15
06-Jun-22,17347.11,17424.92,17251.83,17380.51
07-Jun-22,17292.29,17296.25,17151.25,17220.62
08-Jun-22,17291.87,17321.88,17093.21,17158.26
09-Jun-22,17050.59,17300.27,17040.8,17286.98
10-Jun-22,17118.88,17127.04,16968.23,16999.07
13-Jun-22,16662.15,16667.21,16458.16,16551.29
14-Jun-22,16447.54,16635.03,16430.56,16497.6
15-Jun-22,16493.3,16558.3,16448.45,16462.54
16-Jun-22,16608.82,16640.9,16096.53,16116.93
17-Jun-22,16025.83,16157.09,15932.8,16049.69
20-Jun-22,16076.97,16132.99,15934.4,16098.99
21-Jun-22,16194.49,16479.77,16175.41,16410.05
22-Jun-22,16310.22,16326.02,16142.24,16168.59
23-Jun-22,16218.25,16396.41,16124.54,16323.28
24-Jun-22,16442.48,16519.06,16386.7,16473.13
27-Jun-22,16696.12,16708.84,16597.95,16610.44
28-Jun-22,16522.24,16669.18,16489.36,16633.96
29-Jun-22,16470.57,16644.47,16463.02,16582.68
30-Jun-22,16543.46,16677.86,16512.7,16554.1
01-Jul-22,16503.37,16577.73,16276.02,16535.45
04-Jul-22,16518.9,16643.74,16446.61,16624.78
05-Jul-22,16712.02,16821.36,16571.57,16595.99
06-Jul-22,16601.4,16809.78,16588,16787.4
07-Jul-22,16911.66,16950.39,16844.42,16933.82
08-Jul-22,17056.61,17072.6,16960.74,17024.04
11-Jul-22,16959.45,17060.43,16921.77,17022.07
12-Jul-22,16963.38,16966.99,16840.62,16860
13-Jul-22,16955.37,16955.67,16750.19,16767.99
14-Jul-22,16821.74,16873.09,16654.21,16739.69
15-Jul-22,16806.58,16869.98,16727.19,16854.66
18-Jul-22,16952.57,17100.94,16945.31,17091.14
19-Jul-22,17015.52,17176.2,17007.15,17158.29
20-Jul-22,17376.87,17413.54,17311,17340.34
21-Jul-22,17345.53,17457.01,17308.66,17440.15
22-Jul-22,17483.3,17588.16,17444,17556.05
25-Jul-22,17505.26,17540.9,17397.31,17463.28
26-Jul-22,17485.16,17485.16,17292.2,17310.45
27-Jul-22,17307,17488.95,17273.89,17479.03
28-Jul-22,17605.97,17793.16,17590.82,17776.98
29-Jul-22,17910.26,18034.59,17875.03,18021.3
01-Aug-22,18100.83,18226.82,18017.83,18210.47
02-Aug-22,18188.63,18262.04,18085.65,18207.65
03-Aug-22,18223.69,18280.14,18093.72,18260.52
04-Aug-22,18326.74,18371.4,18029.81,18254.05
05-Aug-22,18291.79,18354.91,18225.39,18269.45
08-Aug-22,18279.11,18432.21,18233.91,18408.6
10-Aug-22,18449.77,18451.83,18327.93,18419.12
11-Aug-22,18573.83,18617.31,18528.93,18552.97
12-Aug-22,18532.74,18628.47,18496.93,18600.55
16-Aug-22,18669.61,18751.1,18669.12,18739.78
17-Aug-22,18767.95,18889.31,18751.24,18870.48
18-Aug-22,18821.67,18901.65,18777.69,18889.19
19-Aug-22,18906.35,18927.57,18638.11,18686.69
22-Aug-22,18598.57,18608.97,18380.56,18402.51
23-Aug-22,18231.63,18542.91,18222.89,18493.71
24-Aug-22,18448.4,18541.07,18407.22,18518.93
25-Aug-22,18590.06,18646.32,18395.53,18429.25
26-Aug-22,18512.03,18602.68,18430.98,18466.13
29-Aug-22,18002.84,18284.58,18002.66,18213.71
30-Aug-22,18303.21,18699.75,18299.33,18682.96
01-Sep-22,18435.39,18619.08,18381.32,18459.37
02-Sep-22,18526.41,18566.52,18395.01,18464.31
05-Sep-22,18468.85,18613.42,18467.13,18594.52
06-Sep-22,18610.77,18694.67,18515.37,18586.5
07-Sep-22,18463.15,18582.08,18449.76,18553.75
08-Sep-22,18656.26,18738,18619,18730.75
09-Sep-22,18835.23,18862.77,18715.09,18765.37
12-Sep-22,18801.16,18920.8,18801.16,18873.59
13-Sep-22,18964.91,19038.42,18956.78,19020.09
14-Sep-22,18664.48,19041.66,18664.48,18949.2
15-Sep-22,18985.15,19051.01,18812.53,18834.51
16-Sep-22,18740.18,18775.49,18434.36,18478.07
19-Sep-22,18457.28,18614.64,18363.8,18567.32
20-Sep-22,18693.83,18879.12,18693.83,18765.37
21-Sep-22,18700.45,18796.51,18602.2,18659.08
22-Sep-22,18542.45,18671.6,18472.42,18574.02
23-Sep-22,18542.39,18586.64,18225.95,18260.47
26-Sep-22,18084.55,18122.66,17896.2,17930.94
27-Sep-22,17997.71,18103.41,17853.98,17921.44
28-Sep-22,17799.39,17953.6,17728.38,17763.49
29-Sep-22,17886.95,17948.66,17690.6,17716.78
30-Sep-22,17671.41,18104.12,17641.89,18011.55
03-Oct-22,18010.11,18026.34,17754.42,17792.02
04-Oct-22,18018.38,18204.92,18018.38,18194.89
06-Oct-22,18273.86,18357.43,18240.25,18254.41
07-Oct-22,18212.5,18259.02,18133.04,18235.9
10-Oct-22,17995.49,18197.88,17972.79,18159.14
11-Oct-22,18166.51,18174.24,17855.63,17884.32
12-Oct-22,17931.36,18055.79,17864.15,18035.72
13-Oct-22,18007.22,18027.5,17863.74,17922.52
14-Oct-22,18203.24,18270.91,18084.35,18104.08
17-Oct-22,18050.93,18251.5,18010.89,18238.26
18-Oct-22,18340.22,18459.91,18340.22,18416.25
19-Oct-22,18486.37,18545.84,18402.87,18444.17
20-Oct-22,18356.76,18521.31,18346.75,18499.35
21-Oct-22,18548.57,18607.77,18456.52,18515.11
24-Oct-22,18669.43,18726.7,18658.25,18675.37
25-Oct-22,18721.81,18743.25,18579.05,18595.21
27-Oct-22,18675.43,18732.14,18598,18682.23
28-Oct-22,18679.78,18791.82,18668.47,18732.63
31-Oct-22,18816.84,18981.97,18816.84,18969.25
01-Nov-22,19056.2,19142.65,19023.79,19113.07
02-Nov-22,19122.22,19142.2,19016.29,19047.3
03-Nov-22,18922.85,19074.79,18915.9,19021.84
04-Nov-22,18985.98,19103.77,18981.42,19087.14
07-Nov-22,19160.08,19232.43,19033.03,19175.44
09-Nov-22,19215.04,19259.67,19088.81,19128.53
10-Nov-22,18977.93,19069.07,18935.68,18995.07
11-Nov-22,19204.68,19340.37,19204.68,19328.83
14-Nov-22,19322.72,19375.69,19281.11,19296.65
15-Nov-22,19294.13,19393.25,19242.1,19368.96
16-Nov-22,19318.11,19409.12,19308.32,19375.73
17-Nov-22,19319.64,19387.52,19277.87,19309.77
18-Nov-22,19340.9,19361.54,19170.75,19271.09
21-Nov-22,19207.77,19207.77,19081.72,19108.11
22-Nov-22,19102.05,19208.27,19087.74,19196
23-Nov-22,19296.44,19296.76,19200.4,19217.8
24-Nov-22,19259.87,19487,19248.14,19446.48
25-Nov-22,19461.76,19496.28,19401.69,19468.33
28-Nov-22,19387.29,19581.91,19371.02,19529.57
29-Nov-22,19490.88,19652.44,19490.88,19590.35
30-Nov-22,19610.02,19800.1,19590.65,19740.64
01-Dec-22,19815.37,19875.06,19759.9,19794.56
02-Dec-22,19708.29,19755.7,19614.61,19671.99
05-Dec-22,19671.41,19701.85,19561.59,19676.68
06-Dec-22,19551.54,19629.93,19550.35,19614.34
07-Dec-22,19611.25,19648.77,19503.96,19533.65
08-Dec-22,19557.1,19604.85,19511.77,19586.31
09-Dec-22,19624.82,19643.83,19377.95,19468.98
12-Dec-22,19348.84,19491.76,19309.69,19462.6
13-Dec-22,19518.26,19592.27,19462.52,19581.75
14-Dec-22,19629.26,19678.39,19609.78,19637.21
15-Dec-22,19595.23,19626.93,19352.31,19376.98
16-Dec-22,19293.97,19409.35,19214.34,19227.16
19-Dec-22,19244.36,19401.58,19204.68,19389.19
20-Dec-22,19328.85,19371.69,19162.67,19347.75
21-Dec-22,19434.54,19446.16,19114.15,19150.48
22-Dec-22,19207.86,19276.55,19010.46,19069.96
23-Dec-22,18878.39,18986.72,18705.77,18734.28
26-Dec-22,18701.7,19029.16,18701.7,18949.9
27-Dec-22,19041.54,19098.08,18910.46,19080.26
28-Dec-22,19045.03,19124.64,19012.17,19073.02
29-Dec-22,18987.81,19165.46,18937.57,19142.16
30-Dec-22,19203.7,19225.57,19029.83,19058.93
02-Jan-23,19076.07,19172.57,19037.43,19155.92
03-Jan-23,19126,19209.3,19104.89,19192.92
04-Jan-23,19190.21,19200.43,18974.61,18992.31
05-Jan-23,19047.23,19072.16,18836.65,18937.2
06-Jan-23,18945.51,18992.31,18732.6,18798.32
09-Jan-23,18881.37,19090.12,18873.86,19048.76
10-Jan-23,19064.77,19066.43,18793.73,18852.58
11-Jan-23,18863.29,18919.05,18759.15,18837.33
12-Jan-23,18838.82,18888.26,18696.18,18796.34
13-Jan-23,18825.71,18944.08,18708.44,18897.99
16-Jan-23,18978.23,18993.38,18791.67,18834.9
17-Jan-23,18847.65,19015.2,18825.44,18999.71
18-Jan-23,19019.48,19135.24,18980.61,19117.28
19-Jan-23,19067.71,19109.16,19012.91,19058.89
20-Jan-23,19064.96,19098.46,18964.84,18974.68
23-Jan-23,19045.07,19115.61,19014.18,19067.68
24-Jan-23,19118.06,19156.97,19028.63,19064.93
25-Jan-23,19021.51,19041,18791.51,18835.5
27-Jan-23,18822.06,18822.72,18418.47,18531.94
30-Jan-23,18463.69,18644.03,18324.04,18572.26
31-Jan-23,18655.69,18667.58,18465.55,18592.13
01-Feb-23,18724.29,18917.51,18269.54,18535.01
02-Feb-23,18478.44,18583.91,18369.18,18535.68
03-Feb-23,18653.16,18805.3,18506.79,18786.42
06-Feb-23,18778.49,18778.49,18626.69,18692.17
07-Feb-23,18689.48,18743.27,18576.75,18642.5
08-Feb-23,18658.68,18823.85,18656.13,18792.85
09-Feb-23,18808.11,18840.68,18702.32,18816.73
10-Feb-23,18777.16,18801.82,18722.43,18775.18
13-Feb-23,18766.39,18803.54,18638.57,18689.12
14-Feb-23,18725.26,18883.45,18723.33,18857.42
15-Feb-23,18846.28,18963.25,18782.22,18940.52
16-Feb-23,19031.55,19067.43,18928.97,18963.48
17-Feb-23,18867.4,18956.86,18807.73,18864.12
20-Feb-23,18879.25,18930.37,18734.84,18760.9
21-Feb-23,18786.64,18846.31,18718.7,18744.98
22-Feb-23,18662.28,18686.42,18435.38,18455.4
23-Feb-23,18460.36,18527.21,18356.86,18418.72
24-Feb-23,18492.74,18504.72,18318.03,18363.76
27-Feb-23,18324.47,18346.54,18186.15,18285.38
28-Feb-23,18298.06,18335.6,18144.76,18192.14
01-Mar-23,18244.64,18363.2,18238.5,18344.99
02-Mar-23,18309.39,18340.21,18198.17,18212.76
03-Mar-23,18322.86,18547.24,18320.3,18496.73
06-Mar-23,18557.63,18711.18,18556.73,18620.53
08-Mar-23,18531.99,18680.71,18505.42,18665.26
09-Mar-23,18700.52,18700.52,18477.75,18496.18
10-Mar-23,18328.61,18332.25,18216.86,18307.21
13-Mar-23,18273.2,18425.88,17992.85,18035.53
14-Mar-23,18016.89,18107.76,17862.54,17922.48
15-Mar-23,18033.43,18095.55,17809.83,17838.76
16-Mar-23,17823.97,17937.99,17715.3,17861.54
17-Mar-23,17981.47,18026.61,17832.82,17978.32
20-Mar-23,17901.29,17917.69,17697.99,17861.08
21-Mar-23,17956.81,18008.2,17892.78,17988.05
22-Mar-23,18040.27,18093.3,17991.53,18034.08
23-Mar-23,17984.82,18091.86,17925.29,17953.46
24-Mar-23,17942.08,17988.7,17787.22,17818.41
27-Mar-23,17826.19,17966.98,17788.12,17856.01
28-Mar-23,17883.91,17939.6,17782.76,17821.78
29-Mar-23,17809.44,18004.01,17808.7,17957.44
31-Mar-23,18042.88,18280.58,18042.88,18256.53
03-Apr-23,18305.31,18325.62,18207.41,18297.89
05-Apr-23,18297.57,18480.81,18297.49,18464.26
06-Apr-23,18444.09,18547.68,18412.89,18507.69
10-Apr-23,18514.69,18604.43,18506.64,18532.07
11-Apr-23,18584.86,18663.17,18562.62,18637.15
12-Apr-23,18644.34,18740.24,18629.12,18727.54
13-Apr-23,18720.44,18760.34,18640.97,18744.13
17-Apr-23,18730.1,18737.35,18475.8,18613.42
18-Apr-23,18636.26,18671.13,18514.68,18564.6
19-Apr-23,18566.68,18572.81,18484.02,18519.75
20-Apr-23,18519.83,18592.53,18487.73,18528.44
21-Apr-23,18500.99,18570.11,18455.48,18524.17
24-Apr-23,18587.4,18664.28,18515.21,18650.48
25-Apr-23,18686.52,18719.42,18626.31,18676.22
26-Apr-23,18659.99,18743.79,18621.43,18725.39
27-Apr-23,18731.31,18849.22,18714.57,18834.37
28-Apr-23,18853.32,19013.19,18802.26,18984.02
02-May-23,19034.93,19109.88,19025.14,19076.17
03-May-23,19041.95,19045.22,18969.22,19015.49
04-May-23,19034.93,19199.12,18993.08,19186.06
05-May-23,19027.1,19146.63,18970.66,18985.95
08-May-23,19014.76,19216.31,19014.76,19195.65
09-May-23,19227.57,19278.41,19160.74,19195.99
10-May-23,19222.4,19259.38,19141.12,19249.94
11-May-23,19309.19,19311.48,19205.27,19229.79
12-May-23,19218.57,19277.38,19126.1,19248.8
15-May-23,19280.97,19399.73,19223.63,19337.09
16-May-23,19377.98,19378.48,19196.12,19221.64
17-May-23,19221.94,19237.93,19046.38,19114.95
18-May-23,19229.72,19235.08,19036.63,19058.1
19-May-23,19093.58,19153.96,18989.61,19137.46
22-May-23,19102.76,19269.66,19101.31,19246.52
23-May-23,19293.78,19358.36,19261.82,19281.9
24-May-23,19239.92,19331.86,19199.3,19218.31
25-May-23,19191.67,19277.98,19136.9,19260.06
26-May-23,19287.85,19454.97,19271.19,19445.94
29-May-23,19527.18,19595.43,19527.18,19549.01
30-May-23,19547.9,19603.7,19515.65,19575.01
31-May-23,19537.89,19546.4,19418.66,19475.94
01-Jun-23,19504.24,19516.3,19396.25,19416.8
02-Jun-23,19471.66,19511.71,19410.32,19460.18
05-Jun-23,19522.68,19575.25,19519.51,19527.89
06-Jun-23,19518.96,19558.82,19464.2,19537.03
07-Jun-23,19570.87,19679.4,19570.87,19663.99
08-Jun-23,19670.26,19722.59,19554.29,19571.47
09-Jun-23,19564.26,19614.91,19485.62,19495.4
12-Jun-23,19505.73,19560.43,19490.84,19535.36
13-Jun-23,19548.38,19672.5,19548.38,19663.12
14-Jun-23,19656.99,19713.59,19632.17,19700.32
15-Jun-23,19679.5,19740.01,19605.91,19621.49
16-Jun-23,19634.69,19810.14,19634.23,19769.74
19-Jun-23,19795.15,19827.96,19660.44,19695.47
20-Jun-23,19699.15,19785.05,19597.64,19752.12
21-Jun-23,19791.27,19824.91,19740.74,19804.32
22-Jun-23,19823.82,19827.98,19696,19707.86
23-Jun-23,19670.46,19685.03,19576.64,19598.97
26-Jun-23,19590.78,19658.24,19579.62,19622.05
27-Jun-23,19676.78,19768.53,19649.6,19754.25
28-Jun-23,19836.87,19955.41,19802.75,19920.25
30-Jun-23,19956.2,20159.43,19955.69,20144.26
03-Jul-23,20179.2,20312.09,20179.2,20284.6
04-Jul-23,20367.42,20406.11,20268.06,20353.88
05-Jul-23,20358.38,20392.1,20310,20370.32
06-Jul-23,20359.29,20483.85,20337.29,20469.85
07-Jul-23,20401.85,20499.05,20272.83,20302.73
10-Jul-23,20361.86,20406.38,20295.35,20325.86
11-Jul-23,20397.91,20487.35,20379.73,20411.32
12-Jul-23,20451.45,20467.03,20331.2,20351.39
13-Jul-23,20431.46,20546.11,20356.4,20388.48
14-Jul-23,20455.27,20571.86,20404.74,20542.65
17-Jul-23,20567.66,20711.04,20539.17,20691.75
18-Jul-23,20757.34,20806.83,20674.65,20737.32
19-Jul-23,20765.67,20841.15,20713.2,20820.52
20-Jul-23,20818.51,20980.08,20742.33,20966.83
21-Jul-23,20776.06,20865.52,20670.12,20711.16
24-Jul-23,20695.93,20755.6,20623.04,20638.99
25-Jul-23,20683.11,20693.73,20584.4,20643.98
26-Jul-23,20666.7,20800.81,20665.64,20749.89
27-Jul-23,20789.9,20846.77,20568.06,20631.83
28-Jul-23,20632.04,20656.44,20528.46,20615.37
31-Jul-23,20615.15,20746.2,20566.02,20724.91
01-Aug-23,20720.84,20763.58,20674.36,20700.51
02-Aug-23,20598.75,20642.14,20381.47,20488.51
03-Aug-23,20414.27,20496.32,20247.39,20334.74
04-Aug-23,20404.24,20499.45,20391.69,20476.02
07-Aug-23,20498.19,20580.71,20482.92,20555.16
08-Aug-23,20587.71,20589.53,20486.27,20525.26
09-Aug-23,20519.54,20606.96,20418.85,20587.6
10-Aug-23,20575.28,20582.35,20450.08,20498.48
11-Aug-23,20512.9,20513.05,20361.18,20375.75
14-Aug-23,20322.12,20415.19,20199.57,20379.27
16-Aug-23,20324.97,20434.48,20261.94,20412.8
17-Aug-23,20396.44,20407.95,20272.87,20311.17
18-Aug-23,20272.32,20323.05,20198.8,20253.91
21-Aug-23,20228.66,20382.16,20228.66,20346
22-Aug-23,20364.42,20402.32,20341.07,20352.81
23-Aug-23,20385.42,20430.42,20323.41,20401.59
24-Aug-23,20491.76,20551.89,20319.4,20339.33
25-Aug-23,20267.96,20293.96,20177.4,20219.77
28-Aug-23,20233.1,20318.63,20197.69,20255.32
29-Aug-23,20314.75,20323.05,20259.45,20293.98
30-Aug-23,20358.76,20410.91,20288.66,20298.14
31-Aug-23,20316.48,20343.4,20167.5,20203.2
01-Sep-23,20205.92,20407.57,20202.6,20382.99
04-Sep-23,20427.41,20485.98,20368.46,20469.77
05-Sep-23,20487.26,20534.17,20466.62,20520.82
06-Sep-23,20513.31,20585.56,20435.87,20559.33
07-Sep-23,20549.8,20686.57,20498.66,20676.87
08-Sep-23,20711.18,20828.31,20683.13,20777.89
11-Sep-23,20843.08,20967.98,20824.04,20956.34
12-Sep-23,21067.57,21077.48,20874.94,20953.48
13-Sep-23,20948.19,21063,20908.29,21035.07
14-Sep-23,21087.56,21139.22,21010.66,21067.87
15-Sep-23,21116.13,21195.75,21102.03,21171.26
18-Sep-23,21123.72,21169.64,21083.59,21102.12
20-Sep-23,20958.73,21017.87,20839.12,20861.5
21-Sep-23,20803.29,20803.29,20662.48,20695.61
22-Sep-23,20684.96,20752.89,20607.85,20620.86
25-Sep-23,20640.62,20683.58,20545.98,20624.15
26-Sep-23,20643.01,20650.7,20586.41,20609.45
27-Sep-23,20608.6,20681.46,20497.81,20666.05
28-Sep-23,20751.97,20751.97,20437.69,20467.68
29-Sep-23,20542.74,20683.59,20499.61,20591.26
03-Oct-23,20579.79,20579.81,20424.73,20470.91
04-Oct-23,20418.4,20418.9,20272.66,20378.08
05-Oct-23,20492.11,20522.86,20431.94,20490.44
06-Oct-23,20563.25,20628.91,20535.12,20599.99
09-Oct-23,20458.75,20534.96,20418.22,20447.54
10-Oct-23,20491.72,20668.04,20491.72,20637.21
11-Oct-23,20728,20795.39,20709.29,20763.26
12-Oct-23,20796.65,20805.24,20733.64,20751.6
13-Oct-23,20641.83,20766.55,20599.82,20711.7
16-Oct-23,20704.73,20735.94,20642.53,20683.43
17-Oct-23,20803.83,20807.61,20734.05,20770.19
18-Oct-23,20788.75,20801.35,20609.86,20620.2
19-Oct-23,20506.76,20622.55,20453.46,20559.13
20-Oct-23,20502.44,20532.1,20458.13,20477.79
23-Oct-23,20482.31,20496.08,20182.62,20205.27
25-Oct-23,20216.24,20279.17,19994.31,20041.9
26-Oct-23,19953.7,19953.7,19745.22,19760.21
27-Oct-23,19877.15,20002.65,19839.02,19961.01
30-Oct-23,19995.96,20080.29,19856.6,20060.81
31-Oct-23,20167.56,20169.26,19980.78,20001.52
01-Nov-23,19994.55,20017.12,19892.13,19904.77
02-Nov-23,20044.35,20099.06,19985.54,20057.55
03-Nov-23,20170.03,20207.65,20130.83,20155.8
06-Nov-23,20296.39,20358.29,20241.3,20348.27
07-Nov-23,20368.34,20368.34,20265.4,20346.65
08-Nov-23,20401.42,20407.52,20338,20374.52
09-Nov-23,20395.3,20400.27,20315.8,20333.39
10-Nov-23,20321.14,20387.71,20260.33,20355.01
12-Nov-23,20522.55,20522.55,20454.37,20465.1
13-Nov-23,20434.79,20440.63,20349.4,20379.33
15-Nov-23,20551.61,20637.18,20517.24,20617.41
16-Nov-23,20623.67,20822.67,20569.53,20708.43
17-Nov-23,20656.12,20753.36,20614.9,20676.97
20-Nov-23,20682.11,20699.67,20610.84,20634.4
21-Nov-23,20681.58,20761.18,20681.58,20715.05
22-Nov-23,20696.65,20760.47,20636.17,20743.46
23-Nov-23,20766.86,20811.56,20724.83,20738.25
24-Nov-23,20743.96,20770.93,20704.11,20728.43
28-Nov-23,20768.22,20856.91,20735.42,20832.13
29-Nov-23,20899.14,21054.15,20899.14,21041.28
30-Nov-23,21069.67,21111.46,20966.91,21087.38
01-Dec-23,21153.25,21250.07,21144.2,21223.24
04-Dec-23,21532.42,21678.35,21476.13,21662.23
05-Dec-23,21753.91,21853.16,21694.91,21842.35
06-Dec-23,21929.26,21951.36,21843.68,21923.92
07-Dec-23,21943.3,21943.62,21836.94,21893.92
08-Dec-23,21943.3,22002.77,21845.34,21956.14
11-Dec-23,21983.56,22018.99,21939.75,21985.19
12-Dec-23,22013.96,22024.37,21846.12,21884.97
13-Dec-23,21916.07,21933.25,21743.81,21908.65
14-Dec-23,22079.67,22197.29,22070.36,22173.14
15-Dec-23,22264.69,22487.94,22222.22,22453.81
18-Dec-23,22447.63,22483.2,22356.43,22414.52
19-Dec-23,22469.01,22505.68,22333.98,22453.91
20-Dec-23,22528.21,22602.71,22074.72,22133.61
21-Dec-23,21948.52,22280.51,21947.12,22249.1
22-Dec-23,22319.46,22388.01,22217.81,22345.33
26-Dec-23,22355.78,22488.11,22331.73,22451.81
27-Dec-23,22509.95,22692.34,22503.18,22667.39
28-Dec-23,22736.2,22825.51,22698.76,22802.56
29-Dec-23,22792.96,22806.82,22702.92,22759.31
01-Jan-24,22762.19,22865,22702.48,22773.05
02-Jan-24,22804.03,22804.03,22571.68,22686.44
03-Jan-24,22682.77,22690.43,22516.64,22535.62
04-Jan-24,22639.9,22712.96,22593.95,22683.44
05-Jan-24,22743.37,22782.79,22654.65,22739.67
08-Jan-24,22778.21,22797.79,22515.5,22532.27
09-Jan-24,22677.46,22753.2,22543.28,22567.28
10-Jan-24,22576.14,22670.61,22474.88,22649.93
11-Jan-24,22737.15,22761.01,22622.58,22678.03
12-Jan-24,22808.01,22976.29,22752.39,22929.03
15-Jan-24,23086.59,23166.38,23007.54,23145.52
16-Jan-24,23146.89,23177.15,23014.97,23077.4
17-Jan-24,22746.29,22891.26,22576.67,22597.27
18-Jan-24,22457.18,22566.65,22296.25,22489.48
19-Jan-24,22676.7,22712.02,22605.75,22660.46
20-Jan-24,22765.05,22770.93,22576.93,22607.78
23-Jan-24,22749.12,22798.57,22213.22,22256.93
24-Jan-24,22215.76,22510.29,22148.12,22485.37
25-Jan-24,22484.61,22493.62,22265.68,22385.12
29-Jan-24,22474.34,22811.5,22444.79,22788.18
30-Jan-24,22829.2,22862.77,22534.68,22555.54
31-Jan-24,22545.55,22782.96,22484.43,22769.07
01-Feb-24,22848.73,22878.37,22697.47,22736.01
02-Feb-24,22844.83,23186.08,22844.83,22908.19
05-Feb-24,22978.27,23023.4,22774.88,22821.42
06-Feb-24,22904.13,23009.76,22786.64,22988.78
07-Feb-24,23110.64,23117.26,22920.58,22991.31
08-Feb-24,23085.25,23085.44,22718.21,22779.79
09-Feb-24,22787.87,22857.96,22665.72,22835.67
12-Feb-24,22877.43,22886.69,22616.54,22655.49
13-Feb-24,22706.15,22811.84,22578.32,22787.28
14-Feb-24,22641.81,22923.21,22572.14,22892.73
15-Feb-24,22972.11,23015.68,22857.52,22974.23
16-Feb-24,23095.79,23144.65,23033.46,23111.52
19-Feb-24,23185.14,23262.21,23092.11,23191.81
20-Feb-24,23200.29,23291.94,23119.49,23268.67
21-Feb-24,23342.28,23342.96,23061.49,23118.5
22-Feb-24,23149.87,23332.25,22943.16,23300.34
23-Feb-24,23375.44,23381.42,23271.38,23305.62
26-Feb-24,23286.12,23293.75,23163.21,23207.11
27-Feb-24,23194.6,23311.51,23173.69,23291.14
28-Feb-24,23316.55,23326.23,22997.54,23023.89
29-Feb-24,23006.15,23149.77,22943.96,23078.72
01-Mar-24,23130.88,23460.04,23125.88,23441.85
02-Mar-24,23498.53,23529.9,23468.16,23477.07
04-Mar-24,23510.43,23542.29,23460.74,23506.91
05-Mar-24,23481.48,23524.04,23372.48,23459.3
06-Mar-24,23442.18,23600.28,23320.3,23579.38
07-Mar-24,23634.32,23643.39,23535.31,23603.78
11-Mar-24,23631.06,23633.52,23406.39,23427.21
12-Mar-24,23439.12,23555.32,23351.95,23425.87
13-Mar-24,23515.38,23533.51,22964.94,23058.32
14-Mar-24,22972.68,23282.36,22972.68,23228.67
15-Mar-24,23166.09,23198.51,22989.89,23089.53
18-Mar-24,23057.43,23195.07,22980.75,23121.06
19-Mar-24,23041.1,23045.77,22851.4,22872.5
20-Mar-24,22887.98,22988.44,22761.75,22898.98
21-Mar-24,23038.7,23153.18,23009.58,23089.25
22-Mar-24,22975.66,23261.61,22950.81,23174.42
26-Mar-24,23059.34,23151.04,23040.74,23086
27-Mar-24,23165.05,23276.87,23135.54,23212.59
28-Mar-24,23268.99,23617.8,23260.26,23440.8
01-Apr-24,23548.49,23636.13,23534.47,23566.43
02-Apr-24,23584.64,23612.96,23500.99,23564.94
03-Apr-24,23527.64,23633.77,23455.47,23541.85
04-Apr-24,23709.16,23735.69,23410.93,23626.06
05-Apr-24,23639.35,23657.54,23538.63,23626.16
08-Apr-24,23723.98,23817.2,23669.83,23781.19
09-Apr-24,23899.56,23899.56,23729.89,23764.28
10-Apr-24,23853.57,23903.46,23798.27,23880.23
12-Apr-24,23842.59,23858.72,23628.32,23642.64
15-Apr-24,23333.28,23550.39,23333.28,23394.25
16-Apr-24,23238.64,23332.77,23189.74,23266.13
18-Apr-24,23357.25,23444.33,23061.29,23101.52
19-Apr-24,22954.51,23298.19,22870.84,23260.5
22-Apr-24,23445.37,23490.84,23314.22,23455.5
23-Apr-24,23572.91,23576.91,23465.45,23482.24
24-Apr-24,23544.01,23598.44,23503.36,23519.63
25-Apr-24,23448.05,23750.73,23439.03,23692.52
26-Apr-24,23744.46,23747.67,23501.32,23533.42
29-Apr-24,23620.81,23785.46,23565.87,23770.3
30-Apr-24,23822.04,23909.91,23683.28,23721.3
02-May-24,23704.95,23837.17,23692.8,23771.98
03-May-24,23902.77,23922.6,23453.02,23583.57
06-May-24,23695.54,23712.99,23517.12,23554.49
07-May-24,23590.57,23607.45,23330.04,23404.87
08-May-24,23321.36,23479.7,23281.85,23409.04
09-May-24,23436.7,23436.7,23022.02,23047.03
10-May-24,23090.21,23230.12,23044.88,23155.26
13-May-24,23120.73,23235.06,22907.29,23210.86
14-May-24,23205.48,23386.26,23189.69,23334.22
15-May-24,23377.61,23418.34,23269.49,23316.74
16-May-24,23424.69,23555.1,23159.67,23528.41
17-May-24,23543.74,23646.7,23471.23,23602.86
18-May-24,23623.12,23687.62,23615.78,23642.9
21-May-24,23627.29,23754.59,23600.45,23687.03
22-May-24,23771.45,23804.1,23637.97,23778.99
23-May-24,23801.76,24190.95,23758.44,24165.93
24-May-24,24138.32,24238.44,24104.85,24160.2
27-May-24,24248.28,24317.95,24068.06,24132.29
28-May-24,24201.81,24201.81,24045.39,24073.62
29-May-24,23974.31,24016.63,23876.34,23889.67
30-May-24,23853.4,23890.27,23598.94,23670.21
31-May-24,23778.95,23849.88,23652.35,23715.64
03-Jun-24,24571.92,24625.45,24293.86,24508.93
04-Jun-24,24457.54,24457.54,22373.31,23018.57
05-Jun-24,23328.71,23828.8,22898.13,23780.69
06-Jun-24,24008.08,24088.41,23810.87,24002.24
07-Jun-24,24001.57,24518.83,23957.67,24491.01
10-Jun-24,24591.64,24625.98,24420.19,24452.37
11-Jun-24,24527.4,24597.84,24408.67,24465.93
12-Jun-24,24542.47,24651.28,24504.46,24526.13
13-Jun-24,24685.81,24695.05,24555.77,24607.2
14-Jun-24,24646.14,24710.51,24544.43,24684.02
18-Jun-24,24768.97,24808.21,24723.67,24780.78
19-Jun-24,24856.99,24885.64,24628.39,24732.75
20-Jun-24,24802.2,24835.96,24660.28,24784.63
21-Jun-24,24868.92,24885.41,24589.67,24690.8
24-Jun-24,24592.47,24763.61,24531.7,24742.58
25-Jun-24,24803.06,24954.18,24766.73,24923.33
26-Jun-24,24942.78,25101.85,24871.48,25076.99
27-Jun-24,25103.76,25303.66,25016.44,25258.04
28-Jun-24,25324.8,25397.9,25203.78,25240.71
01-Jul-24,25252.97,25398.5,25233.11,25373.42
02-Jul-24,25482.92,25485.49,25291.97,25365.51
03-Jul-24,25539.27,25563.79,25460.41,25538.65
04-Jul-24,25643.9,25660.48,25542.77,25563.45
05-Jul-24,25494.89,25636.46,25421.8,25593.02
08-Jul-24,25582.22,25627.33,25513.83,25593.6
09-Jul-24,25658.66,25727.8,25615.05,25717.59
10-Jul-24,25763.52,25763.52,25406.7,25603.53
11-Jul-24,25686.78,25686.78,25480.44,25611.41
12-Jul-24,25681.29,25902.82,25617.28,25799.54
15-Jul-24,25868.09,25927.77,25818.88,25872.97
16-Jul-24,25912.43,25956.95,25870.96,25899.55
18-Jul-24,25848.79,26107.09,25765.13,26055.16
19-Jul-24,26116.64,26116.64,25739.89,25769.07
22-Jul-24,25686.23,25844.01,25591.2,25750.71
23-Jul-24,25825.78,25837,25274.94,25720.88
24-Jul-24,25700.06,25750.13,25549.52,25651.32
25-Jul-24,25473.64,25669.8,25452.32,25649.63
26-Jul-24,25697.82,26115.29,25664.8,26087.07
29-Jul-24,26211.35,26260.27,26035.67,26105.39
30-Jul-24,26111.3,26238.69,26067.65,26126.94
31-Jul-24,26199.46,26259.49,26124.65,26231.91
01-Aug-24,26317,26360.77,26221.7,26285.53
02-Aug-24,26049.57,26115.54,25927.23,25958.38
05-Aug-24,25167.21,25560.92,25088.87,25253.71
06-Aug-24,25328.34,25610.63,25155.02,25181.75
07-Aug-24,25497.64,25550.49,25391.63,25526.67
08-Aug-24,25520.7,25568.63,25304.78,25333.32
09-Aug-24,25682.99,25682.99,25548.89,25629.39
12-Aug-24,25503.52,25740.93,25471.48,25613.57
13-Aug-24,25597.37,25628.34,25374.79,25393.32
14-Aug-24,25438.72,25455.2,25358.74,25405.44
16-Aug-24,25603.49,25852.56,25476.85,25831.55
19-Aug-24,25917.25,25928.42,25822.86,25861.66
20-Aug-24,25956.92,26022.93,25897.26,25997.24
21-Aug-24,25969.34,26080.29,25951.6,26064.34
22-Aug-24,26163.71,26170.3,26084.55,26116.97
23-Aug-24,26154.97,26172.92,26073.48,26129.4
26-Aug-24,26235.86,26357.83,26189.45,26315.72
27-Aug-24,26353.2,26380.77,26280.61,26310.18
28-Aug-24,26342.65,26447.07,26270.92,26363.31
29-Aug-24,26372.33,26502.03,26306.58,26459.59
30-Aug-24,26607.54,26607.54,26514.34,26544.73
02-Sep-24,26658.77,26658.77,26548.12,26589.42
03-Sep-24,26637.2,26643.88,26545.95,26582.88
04-Sep-24,26336.19,26525.68,26332.99,26507.6
05-Sep-24,26556.46,26594.77,26428.1,26446.74
06-Sep-24,26445.46,26463.77,26069.76,26130.45
09-Sep-24,26063.11,26245.81,26021.14,26218.65
10-Sep-24,26294.05,26411.11,26173.75,26322.4
11-Sep-24,26328.35,26393.6,26161.6,26196.76
12-Sep-24,26328.74,26717.5,26222.32,26672.45
13-Sep-24,26718.21,26719.08,26586.74,26645.87
16-Sep-24,26686.98,26737.72,26628.42,26679.4
17-Sep-24,26710.44,26734.51,26641.9,26710.72
18-Sep-24,26705.31,26764.33,26557.38,26645.87
19-Sep-24,26773.91,26894.63,26643.61,26689.8
20-Sep-24,26819.57,27146.36,26705.88,27100.79
23-Sep-24,27148.95,27274.43,27146.71,27261.47
24-Sep-24,27252.3,27334.21,27204.19,27267.02
25-Sep-24,27255.92,27351.46,27198.23,27328.72
26-Sep-24,27336.75,27589.53,27320,27558.21
27-Sep-24,27587.58,27621.19,27488.94,27519.29
30-Sep-24,27421.25,27460.36,27119.02,27133.92
01-Oct-24,27133.63,27238.49,27060.7,27121.36
03-Oct-24,26716.03,26956.89,26536.1,26559.79
04-Oct-24,26477.26,26808.17,26254.77,26303.16
07-Oct-24,26376.04,26447.73,25976.41,26084.7
08-Oct-24,25960.17,26349.34,25956.81,26319.48
09-Oct-24,26421.49,26540.33,26247.04,26285.69
10-Oct-24,26399.64,26443.86,26278.11,26299.77
11-Oct-24,26269.74,26332.34,26223.09,26261.06
14-Oct-24,26328.75,26464.57,26316.21,26434.46
15-Oct-24,26484.93,26532.75,26309.63,26360.48
16-Oct-24,26315.23,26397.6,26204.17,26260.56
17-Oct-24,26325.56,26332.73,26020.2,26042.76
18-Oct-24,25970.31,26169.83,25847.39,26124.03
21-Oct-24,26274.89,26274.89,25958.29,26057.58
22-Oct-24,26065.43,26158.91,25705.54,25730.04
23-Oct-24,25632.97,25875.17,25625.08,25694.72
24-Oct-24,25708.82,25744.88,25596.92,25661.55
25-Oct-24,25695.73,25701.67,25323.89,25419.09
28-Oct-24,25480.79,25747.74,25377.35,25589.87
29-Oct-24,25613.33,25742.36,25385.57,25718.58
30-Oct-24,25684.03,25758.75,25563.07,25596.36
31-Oct-24,25650,25650,25419.23,25451.6
01-Nov-24,25653.19,25653.19,25537.93,25559.76
04-Nov-24,25563.97,25563.97,25047.53,25234.26
05-Nov-24,25154.75,25468.46,25075.05,25452.78
06-Nov-24,25548.93,25803.85,25451.17,25746.85
07-Nov-24,25815.04,25815.04,25431.61,25449.52
08-Nov-24,25481.21,25535.01,25313.35,25409.08
11-Nov-24,25350.75,25596.26,25252.25,25394.59
12-Nov-24,25455.68,25508.58,25084,25123.54
13-Nov-24,25063.88,25118.74,24744.17,24794.28
14-Nov-24,24782.58,24909.04,24722.67,24765.67
18-Nov-24,24848.84,24856.29,24573.2,24679.06
19-Nov-24,24750.34,25020.71,24694.27,24743.04
21-Nov-24,24755.29,24755.49,24481.25,24571.06
22-Nov-24,24629.01,25204.13,24590.32,25166.38
25-Nov-24,25514.6,25617.62,25396.94,25491.46
26-Nov-24,25589.25,25606.67,25385.76,25445.62
27-Nov-24,25496.19,25622.71,25404.57,25536.73
28-Nov-24,25554.92,25607.48,25118.36,25159.62
29-Nov-24,25175.52,25438.88,25172.34,25393.48
02-Dec-24,25385.71,25557.03,25253.36,25530.78
03-Dec-24,25625.39,25743.62,25535.29,25713.9
04-Dec-24,25784.58,25837.45,25633.2,25734.11
05-Dec-24,25808.05,26138.09,25566.13,25974.93
06-Dec-24,26023.07,26032.49,25902.18,25963.5
09-Dec-24,25943.47,25987.5,25856.6,25898.07
10-Dec-24,25930.76,25958.41,25787.22,25887.28
11-Dec-24,25913.28,25968.07,25861.94,25912.99
12-Dec-24,25910.58,25953.06,25798.4,25824.41
13-Dec-24,25796.73,26087.48,25447.28,26065.2
16-Dec-24,26027.75,26063.15,25886.41,25952.5
17-Dec-24,25892.93,25917.28,25589.19,25610.17
18-Dec-24,25618.04,25674.9,25422.61,25472.64
19-Dec-24,25110.97,25260.12,25106.56,25203.61
20-Dec-24,25245.55,25322.86,24757.4,24813.3
23-Dec-24,24962.03,25103.46,24865.72,24974.17
24-Dec-24,25031.62,25092.11,24930.12,24951.12
26-Dec-24,24985.24,25077.44,24871.8,24965.15
27-Dec-24,25012.23,25156.75,25005.53,25028.94
30-Dec-24,25014.25,25131.81,24821.31,24875.01
31-Dec-24,24793.59,24914.25,24664.99,24862.9
01-Jan-25,24900.82,25042.73,24779.6,24965.06
02-Jan-25,25018.51,25457.07,24974.49,25429.79
03-Jan-25,25469.95,25469.95,25189.95,25222.11
06-Jan-25,25243.26,25306.27,24744.11,24808.9
07-Jan-25,24828.2,24984.44,24816.15,24896.42
08-Jan-25,24936.39,24936.39,24665.78,24862.03
09-Jan-25,24879.23,24879.23,24672.28,24693.63
10-Jan-25,24709.17,24769.18,24496.78,24588.61
13-Jan-25,24349.42,24479.29,24162.12,24196.33
14-Jan-25,24205.92,24394.43,24205.92,24293
15-Jan-25,24421.48,24442.62,24291.02,24360.54
16-Jan-25,24562.68,24563.13,24422.21,24460.31
17-Jan-25,24474.11,24474.11,24257.96,24378.18
20-Jan-25,24494.66,24585.62,24355.27,24513.14
21-Jan-25,24575.47,24582.23,24071.33,24119.63
22-Jan-25,24201.82,24280.12,24072.76,24262.54
23-Jan-25,24263.11,24383.59,24198.86,24320.44
24-Jan-25,24303.44,24452.19,24149.23,24182.36
27-Jan-25,24028.5,24082.88,23852.9,23888.17
28-Jan-25,23976.17,24203.32,23918.59,24008.2
29-Jan-25,24087.82,24267.69,24043.31,24244.99
30-Jan-25,24274.63,24401.85,24218.44,24337.19
31-Jan-25,24384.72,24647.85,24368.61,24614.03
01-Feb-25,24675.35,24741.57,24447.26,24608.56
03-Feb-25,24472.95,24491.22,24335.29,24472.08
04-Feb-25,24627.55,24891.93,24533.69,24871.25
05-Feb-25,24923.34,24933.89,24797.99,24815.37
06-Feb-25,24894.36,24905.92,24663.52,24716.54
07-Feb-25,24739.38,24811.17,24556.33,24679.27
10-Feb-25,24663.36,24678.13,24414.01,24473.98
11-Feb-25,24489.78,24493.09,24050.81,24138.07
12-Feb-25,24107.53,24196.81,23832.16,24093.6
13-Feb-25,24107.52,24295.12,24048.08,24087.16
14-Feb-25,24168.93,24198.92,23814.32,23967.27
17-Feb-25,23877.5,24017.43,23750.53,24002.72
18-Feb-25,24025.49,24025.49,23841.24,23984.91
19-Feb-25,23918.85,24114.31,23850.25,23993.26
20-Feb-25,23910.87,23985.79,23870.31,23973.71
21-Feb-25,23940.7,23987.27,23772.82,23840.03
24-Feb-25,23701.1,23701.1,23552.89,23579.6
25-Feb-25,23578.26,23666.73,23545.2,23582.18
27-Feb-25,23618.84,23648.25,23530.74,23560.42
28-Feb-25,23433.8,23456.26,23080.85,23099.28
03-Mar-25,23169.37,23249.71,22963.26,23091.57
04-Mar-25,22980.1,23092.99,22927.97,23070.93
05-Mar-25,23080.58,23395.49,23050.41,23342.28
06-Mar-25,23533.81,23558.41,23249.48,23540.73
07-Mar-25,23550.38,23637.97,23457.51,23545.3
10-Mar-25,23595.6,23671.58,23406.62,23436.27
11-Mar-25,23308.61,23493.22,23283.43,23463.88
12-Mar-25,23522.41,23552.63,23291.53,23433.13
13-Mar-25,23560,23562.43,23341.76,23359.55
17-Mar-25,23357.66,23552.96,23347.2,23482.82
18-Mar-25,23623.86,23869.23,23581.78,23845.68
19-Mar-25,23913.84,23957.12,23815.87,23918.23
20-Mar-25,24072.26,24238.74,23988.01,24206.05
21-Mar-25,24172.89,24431.31,24146.07,24380.39
24-Mar-25,24558.59,24747.33,24465.31,24704.05
25-Mar-25,24808.98,24914.02,24614.7,24694.99
26-Mar-25,24705.5,24748.45,24460.74,24484.78
27-Mar-25,24421.53,24632.33,24421.27,24597.89
28-Mar-25,24618.05,24674.1,24473.61,24534.77
01-Apr-25,24385.49,24589.85,24138.67,24168.86
